pic_id,pred
pic_3071649300,0.9851682
pic_3084346759,0.97525644
pic_3028072355,0.015600868
pic_3024575291,0.99801934
pic_3056226842,0.015735537
pic_3062987913,0.002884154
pic_3087173995,0.296593
pic_3069544990,0.30205068
pic_3028831025,0.9812707
pic_3074646034,0.8758216
pic_3068732156,0.03605852
pic_3094992475,0.99101406
pic_3059866054,0.76327884
pic_3043723347,0.9894511
pic_3082056666,0.8783104
pic_3030696356,0.8806417
pic_3059193235,0.98412734
pic_3023945660,0.99920493
pic_3045639980,0.038979758
pic_3024970307,0.11754134
pic_3097831720,0.85906357
pic_3068169649,0.9422485
pic_3060401441,0.0012793684
pic_3099160894,0.6459293
pic_3031199557,0.95696205
pic_3035952541,0.9659453
pic_3068299412,0.2625024
pic_3089607204,0.9477689
pic_3096162755,0.94798464
pic_3080499761,0.99089545
pic_3090571218,0.008794293
pic_3093884241,0.0022867718
pic_3065287021,0.035169367
pic_3042982584,0.8464581
pic_3041426061,0.00012211018
pic_3076815341,0.37417743
pic_3020524501,0.00044954228
pic_3019609408,0.5403397
pic_3042372295,0.9967528
pic_3048358900,0.9092903
pic_3022829856,0.99214363
pic_3051650430,0.94978315
pic_3019232090,0.0033956587
pic_3028579052,0.8037633
pic_3015463357,0.9310104
pic_3024613856,0.8626114
pic_3011594953,0.9968285
pic_3045934353,0.29644644
pic_3066081747,0.011340401
pic_3044091646,0.0037189939
pic_3023944582,0.8792216
pic_3021662622,0.99529004
pic_3048693885,0.46997508
pic_3012977278,0.9460442
pic_3031930673,0.7363638
pic_3045892192,0.0229511
pic_3014328497,0.057075724
pic_3041528409,0.9946932
pic_3036864194,0.011071471
pic_3068443073,0.9654178
pic_3068872823,0.023711054
pic_3097689824,0.2623661
pic_3071546721,0.20664422
pic_3035726727,0.042086862
pic_3052944774,0.62754023
pic_3091020509,0.7989862
pic_3086317458,0.5808054
pic_3046388889,0.00087208534
pic_3091971216,0.39997873
pic_3039019508,0.38265663
pic_3039082003,0.30175292
pic_3053397270,0.85997736
pic_3035191565,0.08567344
pic_3067449471,0.87296766
pic_3035725308,0.980119
pic_3085440797,0.0012672348
pic_3027433376,0.61522233
pic_3014605397,0.60056233
pic_3035168260,0.98947316
pic_3088668460,0.15219112
pic_3065290489,0.107644536
pic_3047476348,0.9251991
pic_3085364116,0.91458106
pic_3058174321,0.17913528
pic_3045850095,0.055987835
pic_3013148419,0.65935975
pic_3082001285,0.10688916
pic_3068766874,0.9914477
pic_3080505058,0.011855462
pic_3043242006,0.98864144
pic_3048788946,0.89617646
pic_3025175724,0.09895269
pic_3014179501,0.7227911
pic_3084882242,0.66767496
pic_3063308312,0.9351173
pic_3051848495,0.9692379
pic_3055155524,0.009796755
pic_3060370118,0.7759113
pic_3023295052,0.4766714
pic_3021386144,0.92025286
pic_3092254912,0.7059243
pic_3080307600,0.0026723426
pic_3043616121,0.99230415
pic_3037710191,0.97795105
pic_3092263987,0.9979087
pic_3088930919,0.0018965779
pic_3012148559,0.9955949
pic_3096067342,0.9320266
pic_3021482812,0.19945125
pic_3045577473,0.99658656
pic_3031738613,0.1380922
pic_3019966023,0.23882289
pic_3084798642,0.13296348
pic_3061531470,0.03861171
pic_3082922006,0.8871813
pic_3070680048,0.63512474
pic_3035391521,0.29357556
pic_3076280372,0.07578362
pic_3068898738,0.91109407
pic_3040185321,0.9680742
pic_3027157897,0.9326042
pic_3098164383,0.98871326
pic_3082122011,0.99825495
pic_3089353257,0.8029337
pic_3032220899,0.07041496
pic_3023856497,0.71975774
pic_3092729270,0.86243254
pic_3039386104,0.95456463
pic_3043556177,0.008946605
pic_3039158449,0.9424104
pic_3088176323,0.725656
pic_3048365333,0.8754169
pic_3014687322,0.8239384
pic_3049214682,0.040135413
pic_3064920545,0.05584976
pic_3098735952,0.9855729
pic_3063702824,0.3415731
pic_3043317886,0.9792086
pic_3025398928,0.019391406
pic_3020755270,0.99395084
pic_3089004969,0.94348115
pic_3090924772,0.14172286
pic_3016129423,0.09993358
pic_3095740868,0.41707942
pic_3054379082,0.9766301
pic_3050327960,0.9550947
pic_3029719652,0.985502
pic_3056699524,0.17217106
pic_3091256562,0.433183
pic_3062150821,0.059375003
pic_3020324161,0.8639211
pic_3026381196,0.99628264
pic_3089798132,0.772874
pic_3054265946,0.8253795
pic_3095187053,0.95568246
pic_3026009474,0.8849795
pic_3055785180,0.8440967
pic_3020799441,0.0015639055
pic_3052778024,0.9050435
pic_3029952760,0.99171644
pic_3074115146,0.062368542
pic_3073353640,0.0011502539
pic_3089321908,8.11962e-06
pic_3018123416,0.94789207
pic_3068961094,0.0008470405
pic_3078756660,0.99551916
pic_3062056952,0.92617255
pic_3046757811,0.99174654
pic_3076326603,0.7443847
pic_3017836298,0.2308666
pic_3032899615,0.2519122
pic_3092855275,0.9217757
pic_3078033502,0.0006394159
pic_3073132901,0.007648903
pic_3046597884,0.97699034
pic_3075190397,0.552321
pic_3071052456,0.9943545
pic_3013682661,0.98466116
pic_3020366511,0.9959764
pic_3034655863,0.72750384
pic_3042692407,0.5706914
pic_3074125909,0.9828472
pic_3014975622,0.7942273
pic_3071032864,0.45160058
pic_3069183561,0.12160149
pic_3018243553,0.9221889
pic_3027279607,0.9309133
pic_3024074326,0.59616756
pic_3081561017,0.9523371
pic_3043761858,0.97021836
pic_3098591555,0.08306612
pic_3042442640,0.974081
pic_3068371267,0.2634626
pic_3091766771,0.97050506
pic_3074043437,0.99425066
pic_3012030054,0.11072366
pic_3059560741,0.11059999
pic_3025191458,0.94742626
pic_3051191210,0.4007484
pic_3045559569,0.004077991
pic_3069699275,0.92956096
pic_3011523431,0.3492265
pic_3068921794,0.9012244
pic_3058859671,0.70902795
pic_3097951426,0.024066698
pic_3052650839,0.9970362
pic_3085462041,0.025268115
pic_3021899177,0.9950806
pic_3085507146,0.98674417
pic_3025986428,0.99935037
pic_3071750596,0.995138
pic_3075647137,0.9967912
pic_3078273011,0.9959992
pic_3020349846,0.9923679
pic_3081498768,0.9368528
pic_3080911673,0.23428154
pic_3040757920,0.09627611
pic_3013615747,0.92826766
pic_3025772902,0.34445783
pic_3042090251,0.7449136
pic_3084350302,0.034042057
pic_3065654829,0.33796257
pic_3036624777,0.7779233
pic_3060421269,0.0018156439
pic_3068824383,0.34797937
pic_3029924885,0.012469943
pic_3074001078,0.25160626
pic_3036683349,0.9887462
pic_3078006096,0.0017086529
pic_3066285773,0.00033865642
pic_3096084664,0.01693285
pic_3087813313,0.5600955
pic_3062879995,0.9997322
pic_3018933607,0.02065364
pic_3049093345,0.5006633
pic_3011496879,0.22101319
pic_3096002033,0.002376224
pic_3092355304,0.7299659
pic_3012244764,0.7405572
pic_3069825829,0.14006864
pic_3093869798,0.66305476
pic_3057952818,0.70645946
pic_3045219023,0.765703
pic_3039396004,0.32814258
pic_3077063739,4.1176885e-05
pic_3099097644,0.9565259
pic_3035855685,0.069114216
pic_3085717957,0.90541965
pic_3040714561,0.99987805
pic_3086756101,0.017019786
pic_3030998438,0.9236196
pic_3022205685,0.015184763
pic_3092752121,0.5767148
pic_3041705069,0.9815445
pic_3031935527,0.9977145
pic_3067826699,0.9710693
pic_3092070252,0.22621574
pic_3039480100,0.87971365
pic_3022800854,0.034470424
pic_3084991735,0.06517586
pic_3047564171,0.9968214
pic_3044452002,0.9872415
pic_3068922943,0.9860444
pic_3042562837,0.7712173
pic_3043768771,0.9306825
pic_3041039308,0.29202104
pic_3051838573,0.9986143
pic_3069962332,0.100860566
pic_3092990051,0.17744906
pic_3047820643,0.9802813
pic_3050710174,0.4539571
pic_3089057320,0.9238914
pic_3080040580,0.0020971328
pic_3032156063,0.88437146
pic_3090919217,0.069598585
pic_3091064225,0.06380318
pic_3017321661,0.99469984
pic_3026462957,0.917839
pic_3065476047,0.0643652
pic_3023124719,0.64329404
pic_3038484102,0.8126827
pic_3029890707,0.9629027
pic_3050740079,0.99900925
pic_3047909717,0.98788595
pic_3028412540,0.861332
pic_3053574110,0.26411572
pic_3052120174,0.8720135
pic_3021757404,0.7613713
pic_3030068068,0.46794665
pic_3061623386,0.36443782
pic_3088306249,0.10813296
pic_3080741558,0.7757357
pic_3088614661,8.84763e-05
pic_3017153758,0.6889792
pic_3061929188,0.8694624
pic_3061625577,0.21869983
pic_3029515664,0.06623893
pic_3055949924,0.3909861
pic_3012306459,0.9336211
pic_3078361890,0.27603957
pic_3022068213,0.9518237
pic_3013751230,0.99024606
pic_3032569081,0.79228306
pic_3015294279,0.96659654
pic_3015673188,0.8223266
pic_3097460167,0.99587667
pic_3017760179,0.023672206
pic_3070381708,0.99451315
pic_3058027578,0.9649049
pic_3045086626,0.45442057
pic_3018054950,0.81105137
pic_3023552712,0.9578405
pic_3089569145,0.038308762
pic_3080471960,0.9473475
pic_3068057587,0.07310941
pic_3055621625,0.9626419
pic_3035807075,0.760926
pic_3085789141,0.23600149
pic_3020761588,0.23923825
pic_3041237684,0.03712702
pic_3055199250,0.81299794
pic_3075322963,0.9936614
pic_3087255579,0.61254495
pic_3094933617,0.95777464
pic_3094205938,0.9908337
pic_3033391108,0.9875465
pic_3042506920,0.4167123
pic_3037279186,0.71834767
pic_3017642579,0.9635637
pic_3094810296,0.4256075
pic_3093975626,0.46663076
pic_3011884702,0.37464598
pic_3066356249,0.9984181
pic_3079846672,0.05354958
pic_3015142879,0.9707409
pic_3074189382,0.99989545
pic_3067780113,0.18638971
pic_3060066696,0.5729427
pic_3088784652,0.0064781895
pic_3088496116,0.15268122
pic_3083525857,0.8585865
pic_3076315495,0.9016539
pic_3098766100,0.9375035
pic_3067427920,0.94448286
pic_3059657363,0.045573592
pic_3068523086,0.047101177
pic_3048552825,0.936852
pic_3056806005,0.50204873
pic_3011451846,0.9968291
pic_3066051872,0.580077
pic_3025816636,0.9409991
pic_3048466821,0.9856107
pic_3078542983,0.94069564
pic_3092476052,0.8936522
pic_3028219248,0.10086249
pic_3066168533,0.897842
pic_3030261840,0.56555104
pic_3043300063,0.9393043
pic_3089700103,0.0003010684
pic_3094284331,0.73189205
pic_3047810405,0.99663264
pic_3060245690,8.566695e-05
pic_3041239014,0.5940428
pic_3082648942,0.32328102
pic_3062296211,6.185176e-05
pic_3091543076,0.016745081
pic_3031639135,0.23223776
pic_3062708905,0.040476825
pic_3052745611,0.99500436
pic_3043610212,0.9725303
pic_3024967483,0.024251115
pic_3045091265,0.95079625
pic_3076446933,0.77325904
pic_3011246178,0.04333323
pic_3027464890,0.4144315
pic_3071351443,0.93265563
pic_3085485324,0.08782138
pic_3089354689,0.98867154
pic_3089611150,0.9008927
pic_3023308480,0.4007601
pic_3099381457,0.8572851
pic_3050130197,0.7787234
pic_3061268565,0.8627037
pic_3034337005,0.97429323
pic_3065116155,0.9348777
pic_3030190656,0.18275274
pic_3092359743,0.76428443
pic_3093345711,0.016729753
pic_3011859168,0.0021874416
pic_3012277435,0.3194425
pic_3062102071,0.95922023
pic_3034087041,0.89753383
pic_3077689677,0.97410303
pic_3048406381,0.63478136
pic_3089847676,0.72932047
pic_3076274671,0.449507
pic_3031110989,0.0869667
pic_3063476859,0.9852018
pic_3089188044,0.00603565
pic_3031407021,0.94157207
pic_3023603067,0.9656234
pic_3072962998,0.9772987
pic_3042249845,0.859735
pic_3077692618,0.98804504
pic_3073903072,0.98531634
pic_3016134013,0.0003463695
pic_3073757102,0.98545736
pic_3053927939,0.8689445
pic_3051555032,0.55907947
pic_3074726551,0.0022150667
pic_3079744870,0.9300143
pic_3047337492,0.009063813
pic_3073583747,0.8233768
pic_3068712810,0.7330872
pic_3047636640,0.9963413
pic_3025989988,0.852067
pic_3073634578,0.1375016
pic_3055757483,0.037920676
pic_3072122641,0.0685026
pic_3057951293,0.95002395
pic_3029725998,0.10541869
pic_3071652902,0.003971093
pic_3030971016,0.86187017
pic_3094656309,0.01863987
pic_3023411801,0.9800703
pic_3063869789,0.26735124
pic_3031196364,0.8984154
pic_3066821156,0.69326335
pic_3051357502,0.9969758
pic_3055155334,0.20346855
pic_3042417301,0.97887266
pic_3021162098,0.54237795
pic_3092101011,0.9610189
pic_3063755692,0.99503076
pic_3077848302,0.65642774
pic_3093399288,0.80999273
pic_3091470179,0.66589886
pic_3092081624,0.9645898
pic_3020246315,0.99909914
pic_3095231971,0.9470995
pic_3087945766,0.003982783
pic_3049763543,0.9981179
pic_3038308489,0.98259556
pic_3081960189,0.787218
pic_3020232168,0.0020130686
pic_3070412638,0.016920306
pic_3025980660,0.617855
pic_3051076754,0.8449523
pic_3064013982,0.2023086
pic_3049753788,0.29889715
pic_3065671962,0.958363
pic_3025166432,0.95201945
pic_3027917597,0.99624085
pic_3015850112,0.97935015
pic_3074809811,0.7215096
pic_3024246970,0.9977374
pic_3062481491,0.6410246
pic_3044131851,0.98866874
pic_3095970718,0.9992243
pic_3099692836,0.5422801
pic_3040518965,0.8539733
pic_3049349109,0.3993944
pic_3026377046,0.41400087
pic_3086931109,0.21375307
pic_3075022353,0.86508876
pic_3090919957,0.29018837
pic_3085753838,0.0025269564
pic_3068486811,0.9292503
pic_3076458763,0.0034378131
pic_3073773679,0.61744994
pic_3083384961,0.011815893
pic_3053908605,0.33222556
pic_3074161558,0.9720252
pic_3085173881,0.16223516
pic_3082920270,0.9984975
pic_3022241371,0.22264141
pic_3099883857,0.99915624
pic_3087785244,0.9309336
pic_3070399345,0.96177
pic_3033128068,0.019096546
pic_3050509664,0.9931925
pic_3041098585,0.0061802077
pic_3055051665,0.18529011
pic_3083160875,0.111326516
pic_3012159887,0.94383276
pic_3018792905,0.019728204
pic_3065781674,0.9927617
pic_3096979778,0.6212094
pic_3021250924,0.0022002114
pic_3036620492,0.87825227
pic_3099642168,0.8903985
pic_3034375238,0.8230118
pic_3081128510,0.28183505
pic_3072256915,0.9063825
pic_3096835581,0.81140023
pic_3077940393,0.8793295
pic_3023399003,0.13334098
pic_3054145679,0.90588456
pic_3070120398,0.32430825
pic_3039947829,0.22376405
pic_3014729218,0.9556137
pic_3046465553,0.8198817
pic_3030883869,0.99817455
pic_3047143150,0.40626764
pic_3068317376,0.9997247
pic_3076543569,0.60818976
pic_3090298428,0.9551405
pic_3048405954,0.8292065
pic_3041442400,0.011694679
pic_3020316188,0.0124494955
pic_3089301348,0.99954456
pic_3055155757,0.82343006
pic_3087158422,0.97115684
pic_3066770442,0.729452
pic_3069095535,0.35054564
pic_3041279281,0.9848428
pic_3040702591,0.006415814
pic_3035613178,0.028135896
pic_3039064742,0.24256618
pic_3060478447,0.01378016
pic_3045370040,0.9360548
pic_3068189222,0.6775391
pic_3049681989,0.96436065
pic_3095562056,3.57417e-05
pic_3017108013,0.46536624
pic_3039852286,0.886331
pic_3083651610,0.58069944
pic_3054362777,0.603385
pic_3093241075,0.9860108
pic_3037489841,0.98684084
pic_3079417808,0.99458754
pic_3096958806,0.4855158
pic_3013442186,0.99899405
pic_3055190879,0.99245197
pic_3050468650,0.022430534
pic_3031523216,0.97305274
pic_3063795168,0.95880896
pic_3018736421,0.97352976
pic_3075845260,0.9786122
pic_3023059037,0.93366504
pic_3074682694,0.0055000177
pic_3083763360,0.0022423123
pic_3069003403,0.85532415
pic_3050096131,0.98537517
pic_3055056032,0.46245518
pic_3070556506,0.7185281
pic_3065815909,0.94495046
pic_3027278170,0.37890172
pic_3083078050,0.8072708
pic_3075739749,0.505496
pic_3046490247,0.0030087396
pic_3059148642,0.9881201
pic_3074123415,0.98523164
pic_3052371423,0.99726844
pic_3031147891,0.8806732
pic_3019785982,0.09973957
pic_3021329601,0.048101082
pic_3056363999,0.030062238
pic_3033260382,0.13697083
pic_3058036934,0.7053105
pic_3081752739,0.07508245
pic_3038738036,0.487658
pic_3015329264,0.8197289
pic_3073009964,0.9788705
pic_3071859793,0.6304403
pic_3024579265,0.9923104
pic_3080933677,0.7557607
pic_3031039296,0.9942849
pic_3024530258,0.033628162
pic_3037658910,0.98514414
pic_3083464047,0.0006684462
pic_3055331513,0.7846434
pic_3066584749,0.90748626
pic_3087911002,0.8057388
pic_3082337779,0.004455855
pic_3011673403,0.33817375
pic_3085001434,0.9981963
pic_3075285526,0.9256279
pic_3060601527,0.6076538
pic_3033584769,0.82471174
pic_3029098242,0.14393617
pic_3099765406,0.94565237
pic_3053421110,0.12518819
pic_3038938476,0.4376762
pic_3091905252,0.32313645
pic_3014490518,0.99554694
pic_3069883789,0.88193464
pic_3083420008,0.986783
pic_3040237091,0.9976851
pic_3028294704,0.97680795
pic_3046203265,0.6043756
pic_3051010006,0.004720457
pic_3016100723,0.44417837
pic_3071002311,0.95341843
pic_3083575793,0.015546875
pic_3026995825,0.9222294
pic_3096679198,0.003056673
pic_3035836662,0.008261133
pic_3072013482,0.7813953
pic_3094656886,0.26182795
pic_3093131808,0.4354415
pic_3059712262,0.996172
pic_3053936489,0.07717132
pic_3086263458,0.98589975
pic_3066621034,0.8221825
pic_3047132239,0.02419148
pic_3090702799,0.81487375
pic_3072436769,0.8315754
pic_3088931726,0.9638965
pic_3046865946,0.98237395
pic_3091788529,0.0028325068
pic_3030922906,0.9938717
pic_3046928993,0.9449357
pic_3072108943,0.36375615
pic_3095657108,0.042195234
pic_3047750888,0.6625614
pic_3031954532,0.99428904
pic_3086168142,0.8473255
pic_3040942940,0.9865031
pic_3070961271,0.99685633
pic_3015183971,0.64626235
pic_3026255179,0.4561213
pic_3080575752,0.6052253
pic_3048556187,0.9418715
pic_3082964444,0.029774271
pic_3034205098,0.9928651
pic_3091956979,0.0006284623
pic_3017191825,0.9971425
pic_3063814055,0.00065251574
pic_3088066554,0.40522668
pic_3098355000,0.997652
pic_3016690450,0.77384436
pic_3024406223,0.9773481
pic_3021893945,0.7871814
pic_3086784641,0.10231467
pic_3036903965,0.9197347
pic_3041257712,0.0004666029
pic_3097260042,1.8296858e-05
pic_3062432719,0.68295896
pic_3047346179,0.59494114
pic_3042901747,0.23292732
pic_3084684456,0.013322652
pic_3021335775,0.97956413
pic_3035864199,0.76365304
pic_3043883261,0.99705184
pic_3020644340,0.10255415
pic_3094538867,0.4650895
pic_3088942840,0.65223634
pic_3083517008,0.5265359
pic_3053525962,0.00014436018
pic_3063500457,0.9710576
pic_3074787719,0.14307685
pic_3020469067,0.5354617
pic_3046499197,0.99898666
pic_3017610899,0.9757775
pic_3042870091,0.29383937
pic_3050000303,0.9585112
pic_3012230876,0.43781316
pic_3062777940,0.9995104
pic_3083566985,0.13722762
pic_3086220340,0.99188095
pic_3043388290,0.064439714
pic_3019619157,0.038276326
pic_3031486153,0.8773573
pic_3061204062,6.254871e-05
pic_3046319414,0.7556498
pic_3091071532,0.08102362
pic_3093637533,0.7175164
pic_3017191850,0.3991732
pic_3043958678,0.52032757
pic_3070259940,0.99804014
pic_3062786701,0.98726743
pic_3060228770,0.37570795
pic_3060832982,0.98103714
pic_3061550780,0.9740931
pic_3065680486,0.9680347
pic_3078370420,0.001393935
pic_3098457005,0.0011332051
pic_3071189729,0.19721556
pic_3023825930,0.9678853
pic_3075504697,0.9765921
pic_3083286958,0.09662753
pic_3093024053,0.0724204
pic_3047971257,0.014624683
pic_3059174485,0.8025626
pic_3085087532,0.7409163
pic_3020347962,0.9978604
pic_3039122336,0.022288155
pic_3047796453,0.976484
pic_3037859954,0.00029031083
pic_3051228460,0.9367143
pic_3017780945,0.27724385
pic_3019487284,0.9756707
pic_3020636998,0.0077762855
pic_3042620377,0.42190614
pic_3080105712,0.96990526
pic_3086646305,0.8885649
pic_3051813011,0.9930226
pic_3077910809,0.01303464
pic_3098170815,0.030849304
pic_3091421685,0.22368598
pic_3073091644,0.9900446
pic_3050785211,0.92104894
pic_3011564201,0.95621955
pic_3065015242,0.45454594
pic_3097310526,0.9959894
pic_3023800938,0.9429332
pic_3058639631,0.9983871
pic_3055340377,0.97204655
pic_3071236351,0.0076346663
pic_3012299919,0.89697444
pic_3037320459,0.9659394
pic_3020653801,0.9617731
pic_3085577044,0.23974192
pic_3071241371,0.99469995
pic_3014052744,0.24533528
pic_3034104935,0.12370986
pic_3084273366,0.48180768
pic_3042671948,0.99650085
pic_3030653104,0.43997735
pic_3055725547,0.10551578
pic_3030325140,0.07106717
pic_3075345847,0.9499411
pic_3050745876,0.9833024
pic_3063087913,0.97808677
pic_3085649237,0.24430966
pic_3032625328,0.09077552
pic_3045339668,0.7913223
pic_3046847541,0.98794425
pic_3089648398,0.99134374
pic_3096650569,0.99358517
pic_3018840815,0.9476026
pic_3088010850,0.9639613
pic_3025114050,0.016126856
pic_3072391274,0.6066865
pic_3049299701,0.9405427
pic_3089758189,0.9807029
pic_3055359770,0.1712162
pic_3013404486,0.9333256
pic_3059856441,0.14543808
pic_3081074124,0.9331206
pic_3080088465,0.96818537
pic_3079742429,0.55966896
pic_3062679855,0.774585
pic_3072763850,0.99064344
pic_3099258809,0.47709712
pic_3029163705,0.8289899
pic_3063399572,0.42938983
pic_3037095883,0.9447102
pic_3022657438,0.43928203
pic_3028535211,0.03130397
pic_3048138056,0.91794455
pic_3083883939,0.0011378347
pic_3094547851,0.8536364
pic_3064756303,0.48467615
pic_3029090977,0.9416851
pic_3025399022,0.3020871
pic_3081153959,0.9996543
pic_3098247956,0.6010114
pic_3087241041,0.96674436
pic_3033937998,0.9526646
pic_3022082930,0.9962113
pic_3062799896,0.17978649
pic_3094170324,0.9950805
pic_3066418494,0.9910194
pic_3098157822,0.99634886
pic_3068139358,0.2547442
pic_3096374098,0.9975248
pic_3016924066,0.000744391
pic_3013789664,0.87040067
pic_3037459208,0.9778717
pic_3024064815,0.97165394
pic_3087502478,0.08812935
pic_3091278974,0.973189
pic_3088778340,0.059394673
pic_3093371420,0.9812832
pic_3041357212,0.99724835
pic_3090570659,0.91267323
pic_3058190887,0.97435963
pic_3081896994,0.012514725
pic_3060400423,0.00060683116
pic_3023060570,0.98064077
pic_3071904755,0.83239436
pic_3028078335,0.99793845
pic_3077272564,0.004595196
pic_3015699130,0.990854
pic_3067522186,0.6814976
pic_3082305113,0.83157337
pic_3033934653,0.0456907
pic_3044529565,0.8952087
pic_3014559171,0.986743
pic_3060395564,0.0035809642
pic_3029474506,0.978871
pic_3084736250,0.9813312
pic_3067130776,0.004411937
pic_3035705024,0.17477416
pic_3083557736,0.58468443
pic_3050948841,0.99047804
pic_3070721810,0.0068815383
pic_3066610549,0.84848493
pic_3077720187,0.84062266
pic_3095980532,0.99805033
pic_3069813573,0.9457812
pic_3044819854,0.9747448
pic_3039841931,0.00073083787
pic_3033871420,0.11192939
pic_3033401719,0.06381551
pic_3016043033,0.9852254
pic_3080943185,0.9841963
pic_3055447496,0.006885629
pic_3032753027,0.90902674
pic_3058543995,0.8908732
pic_3076138493,0.8626884
pic_3035410301,0.9980301
pic_3027150928,0.3043222
pic_3094846846,0.06985955
pic_3025780762,0.99235183
pic_3037170492,0.9932887
pic_3039306214,0.013864482
pic_3055921424,0.97376573
pic_3028312551,0.96585375
pic_3099521441,0.7533554
pic_3070259039,0.9995602
pic_3082860120,0.22847976
pic_3088921224,0.4843456
pic_3093381343,0.8659954
pic_3034888176,0.9829281
pic_3063980264,0.7368739
pic_3051809680,0.9974952
pic_3041734496,0.997077
pic_3017558246,0.98023957
pic_3049464758,0.9786643
pic_3046598770,0.0007082907
pic_3085533378,0.6746989
pic_3074805658,0.45323405
pic_3072609477,0.03479598
pic_3053232347,0.99162924
pic_3098281920,0.43409058
pic_3053239614,0.93446976
pic_3043402856,0.08463205
pic_3020654693,0.75160545
pic_3042111122,0.996696
pic_3036645014,0.007631882
pic_3074241789,0.9856793
pic_3050175254,0.1488065
pic_3099844459,0.9699368
pic_3022824514,0.99570775
pic_3098312805,0.97510636
pic_3061331534,0.99374133
pic_3089374607,0.96993846
pic_3078091548,0.012782597
pic_3079507380,0.9955048
pic_3040527428,0.5069472
pic_3091089278,0.59572417
pic_3080299243,0.80185556
pic_3090472917,0.96385086
pic_3017361020,0.9383981
pic_3069974833,0.23963277
pic_3096292866,0.9849672
pic_3094653666,0.972779
pic_3056819670,0.029149657
pic_3019202818,0.9989073
pic_3032279246,0.9995437
pic_3071162933,0.96945995
pic_3015333721,0.732887
pic_3065118168,0.691168
pic_3028302792,0.9775433
pic_3087768801,0.99607784
pic_3046796539,0.96005994
pic_3014339267,0.9319999
pic_3016229548,0.007045761
pic_3060658998,0.00940631
pic_3057069723,0.0081973905
pic_3025034505,0.055994365
pic_3093249069,0.76497644
pic_3068222190,0.033511046
pic_3026993904,0.94238955
pic_3028209312,0.9504895
pic_3087797221,0.29608318
pic_3084416403,0.9592744
pic_3056712305,0.83410144
pic_3096914338,0.773841
pic_3099437096,0.18179126
pic_3054006836,0.9591284
pic_3079063600,0.9761648
pic_3057421941,0.9250999
pic_3026189291,0.010157789
pic_3077148873,0.5354296
pic_3096672585,0.5827702
pic_3047788796,0.25192228
pic_3075862203,0.43188858
pic_3069923397,0.9954064
pic_3068268880,0.018405506
pic_3076364069,0.9957611
pic_3021706717,0.99883825
pic_3031936292,0.9936661
pic_3065191818,0.8108075
pic_3056186098,0.48049453
pic_3036330025,0.0021524646
pic_3087490426,0.0011799886
pic_3079450422,0.9830819
pic_3072026829,0.47018835
pic_3067042136,0.21047571
pic_3041240358,0.22220424
pic_3057764441,0.001019731
pic_3040305482,0.99708515
pic_3015438889,0.45356056
pic_3085793264,0.99755967
pic_3057100707,0.13587125
pic_3051803550,0.9783302
pic_3063360089,0.2908787
pic_3079903776,0.34988764
pic_3014245732,0.9266124
pic_3082943872,0.99129593
pic_3014331977,0.96561974
pic_3038497129,0.09573531
pic_3093753200,0.053932942
pic_3050417061,0.5882927
pic_3083894850,0.45962155
pic_3015015716,0.9998324
pic_3031739816,0.89372677
pic_3077664863,0.02164744
pic_3031328267,0.96322346
pic_3058350121,0.98739815
pic_3065035891,0.48725367
pic_3086415107,0.50013155
pic_3023142762,0.016031915
pic_3047547758,0.1241758
pic_3051551980,0.5841871
pic_3040348151,0.97465795
pic_3014969074,0.5085653
pic_3057856563,0.9878461
pic_3042393939,0.99849546
pic_3055314840,0.988364
pic_3015607687,0.9989004
pic_3081030225,0.98980546
pic_3095844240,0.0021395965
pic_3054051489,0.057942916
pic_3016768494,0.9973853
pic_3061199688,0.9921185
pic_3011549271,0.14442635
pic_3074075204,0.98923117
pic_3056227472,0.86613256
pic_3083065410,0.0014213327
pic_3024957872,0.0012765913
pic_3049975497,0.99042773
pic_3078317349,0.0023594655
pic_3079714607,0.30408928
pic_3082207217,0.03111079
pic_3033355205,0.17162673
pic_3087688874,0.085504755
pic_3036622197,0.89491856
pic_3038215391,0.9523081
pic_3092820405,0.14786862
pic_3078324520,0.70288205
pic_3071417469,0.78232104
pic_3042406778,0.0036645164
pic_3032439794,0.0013758903
pic_3040858474,0.8083132
pic_3024745934,0.053694636
pic_3083315221,0.38784772
pic_3075948889,0.0040911813
pic_3023109032,0.016307082
pic_3092534901,0.78869283
pic_3043460180,0.27832854
pic_3070972084,0.984728
pic_3073765216,0.001611415
pic_3060469970,0.11704522
pic_3015927030,0.0433898
pic_3020523608,0.98832417
pic_3074593673,0.83105373
pic_3023151765,0.35623503
pic_3048377054,0.32376325
pic_3067546117,0.29437548
pic_3065113665,0.9457946
pic_3095910140,0.6336668
pic_3040835974,0.9958609
pic_3055861546,0.4106522
pic_3079573860,0.8679804
pic_3041734923,0.32558486
pic_3053731366,0.9915029
pic_3058217866,0.668827
pic_3036789560,0.0028243863
pic_3087670104,0.86406195
pic_3027629507,0.79483694
pic_3073782047,0.12399063
pic_3067995358,0.98508126
pic_3038338058,0.054672066
pic_3060761330,0.9973374
pic_3077174597,0.8881721
pic_3014631202,0.9772444
pic_3086519239,0.70868784
pic_3031111859,0.84598273
pic_3017588829,0.21805833
pic_3049946371,0.9836374
pic_3020119619,0.32068032
pic_3089504431,0.9898986
pic_3023796232,0.041536294
pic_3083824135,0.4478251
pic_3050278841,0.98261696
pic_3028300680,0.5022501
pic_3086313823,0.118694626
pic_3023784365,0.41153735
pic_3024653305,0.1625743
pic_3046157313,0.9802312
pic_3075072030,0.008775856
pic_3059946048,0.99004805
pic_3093461471,0.93476415
pic_3031915961,0.6607099
pic_3049609686,0.83509505
pic_3072202997,0.020966662
pic_3024900425,0.6898591
pic_3051266225,0.7946956
pic_3049318087,0.049842503
pic_3073831135,0.964377
pic_3071830056,5.1719358e-06
pic_3017859972,0.025741713
pic_3042691278,0.033989724
pic_3072594989,0.8367342
pic_3083642750,0.6579523
pic_3089489714,0.98878855
pic_3012464455,0.9953229
pic_3043413134,0.9839045
pic_3060297717,0.7093771
pic_3077235379,0.9542291
pic_3094541586,0.9962921
pic_3089156341,0.51685
pic_3043160922,0.00043364888
pic_3066773868,0.34513998
pic_3035801962,0.9963052
pic_3095544442,0.9694662
pic_3011181265,0.0058734654
pic_3025007841,0.9873976
pic_3085633591,0.024531
pic_3015921814,0.10670234
pic_3074033653,0.5460033
pic_3032302390,0.9810446
pic_3052527052,0.36814448
pic_3014340511,0.002005928
pic_3017413244,0.011498709
pic_3093921285,0.9832796
pic_3013108104,0.97937036
pic_3087279675,0.9907444
pic_3099323132,0.9281262
pic_3030466263,0.37642384
pic_3044378500,0.0010796887
pic_3072505425,0.88492
pic_3013562573,0.0052815094
pic_3081633450,0.0048828446
pic_3059667675,0.9638831
pic_3095473499,0.3713752
pic_3048553198,0.1222929
pic_3047518642,0.8595256
pic_3028712068,0.9414365
pic_3030865800,0.99318343
pic_3058152207,0.9999502
pic_3096787605,0.29962745
pic_3017085384,0.04242762
pic_3037297554,0.03598784
pic_3024918944,0.8861456
pic_3038290253,0.5221835
pic_3023161282,0.010686007
pic_3018940969,0.9981628
pic_3087241834,0.9459267
pic_3012383005,0.97732806
pic_3063845392,0.029271318
pic_3078138847,0.99847215
pic_3039332107,0.9091266
pic_3019774867,0.9523945
pic_3089502149,0.8347161
pic_3085657988,0.8346223
pic_3057084366,0.32372898
pic_3060893918,0.92728657
pic_3087389666,0.98690087
pic_3019098537,0.041847143
pic_3067716261,0.86268425
pic_3040375694,0.6623441
pic_3047849625,0.002936677
pic_3090326039,0.9615625
pic_3096991183,0.8729394
pic_3033834390,0.96016395
pic_3081315348,0.9983876
pic_3090517972,0.99316734
pic_3039238460,0.1674786
pic_3038717664,0.97036415
pic_3075668806,0.986751
pic_3086222413,0.67053586
pic_3063529590,0.88305295
pic_3086109008,0.96130466
pic_3084243809,0.99057007
pic_3046293717,0.8037032
pic_3053387155,0.93948996
pic_3047290752,0.6332708
pic_3025811580,0.028302105
pic_3055226633,0.00014835518
pic_3051369564,0.9209106
pic_3054974969,0.9937171
pic_3088682260,0.2764242
pic_3058735952,0.9964981
pic_3058223585,0.9958483
pic_3037363030,0.06199543
pic_3044303779,0.87650317
pic_3094021584,0.79394823
pic_3052144592,0.014575331
pic_3031208610,0.0028230129
pic_3087624501,0.8737438
pic_3053812816,0.5638978
pic_3062757574,0.18241192
pic_3093398508,0.9819287
pic_3065307787,0.98538196
pic_3018395468,0.9450645
pic_3058600746,0.99377537
pic_3065006092,0.9006594
pic_3072536066,0.91002077
pic_3097871769,0.6886621
pic_3088623473,0.9788078
pic_3090449747,0.95961773
pic_3054147578,0.96784526
pic_3012270924,0.0045619174
pic_3040014300,0.72096235
pic_3070290506,0.9446007
pic_3087326141,0.99244624
pic_3018629318,0.9526845
pic_3088808610,0.9895265
pic_3088017704,0.16743168
pic_3028532767,0.95799136
pic_3018070379,0.41176045
pic_3059947265,0.16358095
pic_3025609984,0.88837576
pic_3044720941,0.111685745
pic_3028033136,0.06905405
pic_3059607069,0.9877551
pic_3038129610,0.6872415
pic_3088779934,0.9985896
pic_3084915573,0.98861617
pic_3049353130,0.12370316
pic_3057798458,0.9896979
pic_3068784988,0.5691708
pic_3069514695,0.26054025
pic_3036020087,0.00019627676
pic_3085952276,0.97134453
pic_3074926277,0.86154526
pic_3026121377,0.06584812
pic_3012929953,0.9329827
pic_3095909355,0.005291715
pic_3066195202,0.43625927
pic_3052412345,0.16799943
pic_3054046738,0.9088916
pic_3044551534,0.9852695
pic_3080292699,0.9898975
pic_3047105201,0.07982761
pic_3088862014,0.91709006
pic_3018349024,0.9902222
pic_3016735821,0.9721643
pic_3079226279,0.36652923
pic_3084875716,0.04433881
pic_3058155170,0.99381304
pic_3081570017,0.00171476
pic_3064006949,0.031150598
pic_3044189049,0.5927024
pic_3036253124,0.9969989
pic_3091167100,0.2621013
pic_3017217663,0.5078286
pic_3090100658,1.3399642e-05
pic_3014582284,0.15165125
pic_3075914734,0.9508345
pic_3064638604,0.8974829
pic_3084138708,0.98225695
pic_3054159069,0.99683243
pic_3040716042,0.021351768
pic_3045743523,0.009452273
pic_3020672212,0.97619164
pic_3030696722,0.5740465
pic_3013926364,0.97218907
pic_3012967382,0.21666414
pic_3069021953,0.9937059
pic_3083386909,0.38562497
pic_3081960601,0.059188593
pic_3085487510,0.0042316215
pic_3062980315,0.94539255
pic_3033832710,0.8122052
pic_3085257578,0.44798142
pic_3066766072,0.942741
pic_3091710174,0.9053402
pic_3019977195,0.026328806
pic_3028466311,0.99599177
pic_3062050070,0.99565876
pic_3017991783,0.46949625
pic_3015266357,0.99406755
pic_3073888086,0.9633311
pic_3043589195,0.32965562
pic_3042636282,0.0003674149
pic_3040453481,0.5414259
pic_3062106191,0.0003331644
pic_3091920692,0.9570374
pic_3074357057,0.80040187
pic_3067711900,0.8546052
pic_3098493612,0.91398877
pic_3097485891,0.92472154
pic_3040899304,0.4502967
pic_3077797597,0.95618594
pic_3028965158,0.02255892
pic_3063787717,0.96279883
pic_3023462065,0.106250815
pic_3050724273,0.09922689
pic_3038956745,0.9541158
pic_3038223742,0.019085823
pic_3056463548,0.059110884
pic_3090067960,0.9914426
pic_3022820227,0.9729552
pic_3055077857,0.9976433
pic_3036297246,0.28602758
pic_3028321493,0.98997086
pic_3020585794,0.5099243
pic_3098056494,0.17254579
pic_3011152857,0.18442354
pic_3093362678,0.9837969
pic_3063272119,0.059097916
pic_3063090272,0.97601527
pic_3097500518,0.82259697
pic_3066483128,0.5174189
pic_3016589068,0.12610167
pic_3032171198,0.9712137
pic_3028949138,0.75424
pic_3032153167,0.882999
pic_3078326691,0.9964948
pic_3036210246,0.9729301
pic_3033733154,0.9831701
pic_3076715020,0.9853864
pic_3014092630,0.9851184
pic_3034402143,0.061228856
pic_3077403137,0.41243216
pic_3040206034,0.16132829
pic_3094528609,0.5408468
pic_3048681057,0.9608194
pic_3022327560,0.7461857
pic_3098593060,0.5047476
pic_3011442327,0.78121394
pic_3054732089,0.030614214
pic_3072740919,0.8982845
pic_3011553790,0.9968106
pic_3061206565,0.95974356
pic_3037861342,0.93321073
pic_3035866850,0.97728765
pic_3079583234,0.0039317715
pic_3068300604,0.094776474
pic_3012922225,0.14322777
pic_3083549524,0.0653996
pic_3044205330,0.010312747
pic_3041508625,0.105852574
pic_3018313247,0.99510205
pic_3040037081,0.9865067
pic_3063411921,0.5221606
pic_3037969068,0.898039
pic_3063444484,0.9353103
pic_3023654417,0.9606471
pic_3061433307,0.98850596
pic_3028245985,0.27435112
pic_3061479952,0.18934663
pic_3078900065,0.50521773
pic_3068322153,0.026462328
pic_3047963349,0.9931852
pic_3047430675,0.10903337
pic_3015032834,0.998002
pic_3072952702,0.9222563
pic_3038214286,0.9942352
pic_3048861801,0.32664576
pic_3066739589,0.5870471
pic_3034579433,0.9916665
pic_3020903196,0.91321516
pic_3053218045,0.9899356
pic_3099505316,0.91687596
pic_3071405976,0.9416113
pic_3099330122,0.8713514
pic_3084113751,0.7639724
pic_3017030651,8.826739e-05
pic_3077230751,1.699234e-05
pic_3030437918,0.005876997
pic_3099302399,0.014150931
pic_3070975836,0.978738
pic_3038200578,0.30044186
pic_3050164349,0.05275965
pic_3033514648,0.0067386576
pic_3085029287,0.86297774
pic_3087485747,0.79085284
pic_3075912948,0.009951277
pic_3026990274,0.47603518
pic_3027464751,6.072907e-05
pic_3011625463,0.99899524
pic_3021243821,0.9951355
pic_3093505757,0.005553455
pic_3081808099,0.9734745
pic_3044145923,0.20948328
pic_3030576033,0.9852528
pic_3072325466,0.84367216
pic_3030648382,0.9886862
pic_3077210478,0.017807366
pic_3092370185,0.99118084
pic_3065924433,0.9910527
pic_3051183369,0.99967563
pic_3058018283,0.015159704
pic_3064528196,0.90232456
pic_3028416307,0.0023441368
pic_3071263293,0.59425193
pic_3055550878,0.6035123
pic_3071236524,0.90681154
pic_3012939354,0.99838686
pic_3081214031,0.50060916
pic_3084661643,0.80456233
pic_3067546619,0.97483975
pic_3062779269,0.18630725
pic_3092016950,0.93001664
pic_3014903600,0.6423614
pic_3079377384,0.9138547
pic_3048564991,0.0026745673
pic_3043546129,0.3135212
pic_3061142440,0.12748238
pic_3076077053,0.0567486
pic_3079990972,0.83267266
pic_3012500608,0.5580193
pic_3046055087,0.84724927
pic_3027118067,0.8508292
pic_3038339491,0.8147666
pic_3075901931,0.8876681
pic_3095992749,0.9002013
pic_3057625858,0.91632617
pic_3072095307,0.9321454
pic_3039115628,0.99974316
pic_3061417376,0.93530446
pic_3063506528,0.091577366
pic_3019388823,0.053617872
pic_3097804861,0.9096685
pic_3050556929,0.9841936
pic_3043243207,0.89468896
pic_3030802513,0.99696654
pic_3097518579,0.9941539
pic_3025814639,0.15930653
pic_3083217011,0.9982967
pic_3080854181,0.9726105
pic_3094164892,0.95463264
pic_3029452632,0.03323556
pic_3087509894,0.07914411
pic_3068055703,0.07932086
pic_3048726902,0.007771427
pic_3015643642,0.00033718545
pic_3085007484,0.44757766
pic_3048785054,0.90138763
pic_3055728463,0.9934716
pic_3035427184,0.15645497
pic_3055471299,0.99929965
pic_3022296627,0.7180401
pic_3095674632,0.93650115
pic_3037772858,0.07875578
pic_3025366232,0.94498616
pic_3034301061,0.45203584
pic_3042763838,0.70930654
pic_3047080355,0.7679819
pic_3081388051,0.0961476
pic_3038701626,0.98967946
pic_3042772780,0.986992
pic_3091973975,0.9788094
pic_3070261918,0.98459715
pic_3093105145,0.98935425
pic_3035544089,0.004505768
pic_3077529328,0.75049174
pic_3023830491,0.94513243
pic_3084602742,0.39102727
pic_3035316354,0.04367197
pic_3081983751,0.9683527
pic_3093645231,0.85803515
pic_3052825604,0.93313193
pic_3090555568,0.0014613123
pic_3092048472,0.9639018
pic_3021947893,0.99351865
pic_3069983463,0.2233303
pic_3093138192,0.46508944
pic_3037209943,0.88740647
pic_3062447220,0.9988745
pic_3079482560,0.019586977
pic_3025279332,0.87883466
pic_3030612598,0.24224776
pic_3084110886,0.1904708
pic_3082052422,0.9954033
pic_3019239654,0.18446657
pic_3073542583,0.657798
pic_3056628258,0.9644025
pic_3031828118,0.13105053
pic_3017055914,0.97178864
pic_3012686986,0.02056637
pic_3079567544,0.9997038
pic_3044818404,0.98306674
pic_3019937861,0.000511479
pic_3091050429,0.5066971
pic_3083583940,0.017817577
pic_3071280391,0.00022142695
pic_3089878424,0.77237433
pic_3031312393,0.044600606
pic_3093640683,0.18789311
pic_3089153832,0.48036236
pic_3013558501,0.9650393
pic_3047646314,0.46865427
pic_3039590109,0.32480893
pic_3016323813,0.0054985234
pic_3070209694,0.98794657
pic_3053884664,0.6340079
pic_3095062389,0.9805269
pic_3056814457,0.99291116
pic_3072644099,0.0053907433
pic_3042284053,0.9979455
pic_3054402314,0.24079378
pic_3095126302,0.89219105
pic_3074137749,0.003526435
pic_3017260674,0.8788963
pic_3073419118,0.0037711437
pic_3078945667,0.35216042
pic_3014079634,0.99053055
pic_3037996538,0.9036824
pic_3099857273,0.019400837
pic_3075623527,0.6981757
pic_3042823423,0.9378918
pic_3093832835,0.00075154414
pic_3063888127,0.9567884
pic_3056828616,0.04007483
pic_3084927419,0.98844564
pic_3030591260,0.4620618
pic_3048061634,0.79666775
pic_3016828735,0.46276107
pic_3030428580,0.009074208
pic_3077499835,0.55257
pic_3023511994,0.999298
pic_3032619358,0.21822932
pic_3040451124,0.996784
pic_3011929120,0.96725893
pic_3054290147,0.0024675827
pic_3090520504,0.9951487
pic_3038871058,0.8533501
pic_3020290488,0.8779394
pic_3043609229,0.9951508
pic_3071513738,0.024649443
pic_3060466630,0.89989907
pic_3073947385,0.9405345
pic_3013602142,0.48008585
pic_3093057526,0.038968667
pic_3063591347,0.7550071
pic_3083683428,0.029154487
pic_3014315541,0.023335138
pic_3078249131,0.99740916
pic_3078284803,0.9380838
pic_3026846484,0.8215728
pic_3016603700,0.12310633
pic_3019096836,0.84134984
pic_3083595703,0.9977215
pic_3085463067,0.028554825
pic_3043752018,0.9855531
pic_3040934201,0.7910478
pic_3078416053,0.94070804
pic_3059377300,0.8328188
pic_3023347602,0.99826556
pic_3089883882,0.85714227
pic_3086199995,0.92761964
pic_3025048867,0.99845266
pic_3059620372,0.9744289
pic_3097651833,0.35450086
pic_3089947842,0.59640247
pic_3034392413,0.44782194
pic_3099230379,0.50552547
pic_3039227489,0.84591675
pic_3027318866,0.010422592
pic_3060750105,0.007869459
pic_3043024748,0.002972598
pic_3044377101,0.99903774
pic_3093801752,0.00931325
pic_3073574232,0.56137526
pic_3026639585,0.9799778
pic_3023048234,0.9995092
pic_3051167002,0.98958755
pic_3060890266,0.0031700418
pic_3040099157,0.013356297
pic_3029367649,0.7695954
pic_3049730791,0.11471823
pic_3081405240,0.9508212
pic_3024133769,2.1604752e-05
pic_3021276506,0.99991596
pic_3044041431,0.052238848
pic_3024894280,0.9095649
pic_3039351835,0.33774084
pic_3046844374,0.865666
pic_3088949463,0.9338316
pic_3080317424,0.98878014
pic_3029138537,2.0880374e-05
pic_3050494657,0.2550783
pic_3046946941,0.09677179
pic_3055885852,0.80950665
pic_3097225527,0.6873341
pic_3048441944,0.012385668
pic_3081663657,0.40271696
pic_3087785364,0.9613702
pic_3019912269,0.1425182
pic_3079873428,0.11753415
pic_3039907833,0.35090944
pic_3068426363,0.12661947
pic_3019065979,0.37593248
pic_3014408551,0.7971492
pic_3073030632,0.99095285
pic_3042603954,0.9894907
pic_3079040720,0.7378572
pic_3071279308,0.0045611556
pic_3054199896,0.99164045
pic_3023421443,0.015647689
pic_3071714700,0.36624402
pic_3041157474,0.3771984
pic_3023376038,0.9927638
pic_3041376050,0.0031005782
pic_3056768434,0.06113147
pic_3053754985,0.945444
pic_3074300363,0.95038354
pic_3044470858,0.7456244
pic_3068592219,0.14213853
pic_3030987369,0.035012137
pic_3039007331,0.8809453
pic_3074327637,0.008128829
pic_3075143786,0.8277406
pic_3055753831,0.009841112
pic_3088492921,0.04659412
pic_3024276783,0.04822133
pic_3048283045,0.12566416
pic_3019892924,0.9674778
pic_3024014818,0.5425363
pic_3034862264,0.0070340578
pic_3094657227,0.99701047
pic_3066354703,0.6436973
pic_3028195142,0.99088985
pic_3071618633,0.10662378
pic_3014059906,0.6657769
pic_3040409957,0.99647564
pic_3019250691,0.65435493
pic_3034323876,0.04195017
pic_3030969331,0.99768746
pic_3091011225,0.98131716
pic_3084621696,0.81549597
pic_3094023505,0.86460936
pic_3082432692,0.012681334
pic_3043598103,0.9239886
pic_3053547666,0.005858414
pic_3016555264,0.99986994
pic_3065097302,0.96985865
pic_3050424930,0.9823188
pic_3064891905,0.97913706
pic_3076521941,0.16766846
pic_3043173645,0.35692045
pic_3050587530,0.9892163
pic_3073170267,0.20583835
pic_3079566020,0.9734283
pic_3022542895,0.25941637
pic_3018390468,0.8233215
pic_3088805595,0.9815671
pic_3068075294,0.9985827
pic_3026865130,0.03838799
pic_3080295485,0.018815765
pic_3066226631,0.9924327
pic_3065960964,0.9938545
pic_3078057994,0.9723504
pic_3078563185,0.97258276
pic_3011385577,0.9105385
pic_3012081889,0.47915858
pic_3095412441,0.98257726
pic_3082645563,0.005474535
pic_3014025433,0.90626186
pic_3030685197,0.06319286
pic_3096450615,0.98777837
pic_3072979921,0.2739283
pic_3055649732,0.038061142
pic_3075808881,0.061165195
pic_3060389189,0.9752219
pic_3081864628,0.99444395
pic_3073842657,0.0075930487
pic_3063041971,0.50262886
pic_3099347220,0.09296221
pic_3038231755,0.9528335
pic_3070010983,0.07935828
pic_3075853727,0.0027783595
pic_3037997251,0.9662396
pic_3091716377,0.90651846
pic_3052093717,0.9849198
pic_3072619284,0.9936546
pic_3088843409,0.5060325
pic_3075500787,0.96751684
pic_3031919037,0.41179642
pic_3047025499,0.7245803
pic_3093101190,0.9139296
pic_3026696469,0.04409452
pic_3078783984,0.9888154
pic_3097584512,0.013277267
pic_3090189931,0.050036438
pic_3014463282,0.044153526
pic_3047556286,0.989286
pic_3013364037,0.22022025
pic_3029174620,0.48681775
pic_3019991582,0.020119097
pic_3031691202,0.06439376
pic_3029309334,0.9800704
pic_3014310291,0.3830551
pic_3091507453,0.88228816
pic_3031780083,0.93312824
pic_3086950952,0.9686151
pic_3015835078,0.7069449
pic_3036194585,0.99927026
pic_3017916582,0.9527087
pic_3070358517,0.5363376
pic_3054860401,0.2590432
pic_3073198028,0.8973952
pic_3043115533,0.1509686
pic_3028777775,0.24070846
pic_3043612271,0.41254827
pic_3014460533,0.9993161
pic_3013541972,0.8753573
pic_3011904399,0.65776426
pic_3076091624,0.97304505
pic_3074908273,0.9894908
pic_3073166117,0.9752941
pic_3083836792,0.9515657
pic_3086861632,0.99512
pic_3061530310,0.99272585
pic_3028436198,0.98639643
pic_3077535391,0.88729286
pic_3024393385,0.82936764
pic_3041746708,0.7956667
pic_3077939248,0.93264836
pic_3071296283,0.52937293
pic_3041005853,0.74226654
pic_3025729444,0.5487827
pic_3068596988,0.21797162
pic_3046305328,0.95463145
pic_3069208621,0.031161819
pic_3092445720,0.061738066
pic_3036645546,0.980789
pic_3053978005,0.9873685
pic_3061446647,0.9945958
pic_3094635454,0.4470204
pic_3074823881,0.037873022
pic_3080732355,0.36879915
pic_3099858631,0.9138415
pic_3050884468,0.038638942
pic_3080623198,0.14935528
pic_3069077677,0.95089537
pic_3079613654,0.47405365
pic_3013373854,0.7020107
pic_3017157147,0.9912738
pic_3096455914,0.82762545
pic_3078332515,0.0008682655
pic_3099535011,0.17503831
pic_3012676168,0.9845793
pic_3026254063,0.0069577405
pic_3077671646,0.5106564
pic_3086578407,0.99929047
pic_3086651754,0.009518466
pic_3037304278,0.98355377
pic_3017499566,0.5309333
pic_3080338132,0.051313642
pic_3042196292,0.105085365
pic_3035158720,0.9864417
pic_3065229376,0.06923078
pic_3034374863,0.9410411
pic_3080694216,0.9617636
pic_3039011008,0.5520333
pic_3072196185,0.88531506
pic_3026772367,0.9797091
pic_3059802069,0.74811566
pic_3073403235,0.16592771
pic_3086782810,0.003839121
pic_3091097139,0.9732539
pic_3049811415,0.9311425
pic_3033282812,0.3821706
pic_3086806917,0.06895221
pic_3013719012,0.99548316
pic_3021196229,0.19443606
pic_3071586949,0.7371997
pic_3037841289,0.99261594
pic_3050826245,0.80575335
pic_3063726702,0.19747236
pic_3082859089,0.044728074
pic_3094369435,0.5408627
pic_3024393516,0.023969943
pic_3097917482,0.041858606
pic_3020517428,0.9314504
pic_3093829268,0.99610424
pic_3023187389,0.8560834
pic_3019903505,0.9045434
pic_3069550480,0.012970808
pic_3083657387,0.94315636
pic_3095311463,0.9993981
pic_3097493440,0.99788624
pic_3093771300,0.79449886
pic_3085911167,0.04603465
pic_3037490573,0.92922556
pic_3052358796,0.6222986
pic_3076277255,0.40320998
pic_3068558299,0.99924755
pic_3053700210,0.14445911
pic_3068899089,0.8291956
pic_3036287595,0.9788905
pic_3062967078,0.059054617
pic_3042342217,0.003034116
pic_3058882113,0.81274575
pic_3094748118,0.42204064
pic_3075844095,0.9924287
pic_3034310994,0.9304778
pic_3078687059,0.0062584127
pic_3021922168,0.0003327752
pic_3024564668,0.9887656
pic_3019420818,0.9827931
pic_3031816853,0.6108196
pic_3090080203,0.699753
pic_3013825548,0.9828267
pic_3097292359,0.27379265
pic_3051105775,0.0026383847
pic_3040649817,0.9076086
pic_3015528767,0.9954461
pic_3046836442,0.64583737
pic_3089494932,0.9978271
pic_3079126303,0.00019895365
pic_3068503755,0.25519073
pic_3038512571,0.0060577774
pic_3063763525,0.6230523
pic_3050220349,0.962236
pic_3036894100,0.97307974
pic_3038652701,0.9020531
pic_3072076743,0.98275477
pic_3043104083,0.9314375
pic_3035475587,0.00063712685
pic_3038587582,0.21939057
pic_3044690586,0.673291
pic_3021774649,0.26373765
pic_3049617482,0.95834035
pic_3049286769,0.9416401
pic_3075573251,0.7870611
pic_3051901093,0.31216767
pic_3093098361,0.9900143
pic_3053275859,0.99612206
pic_3014507018,0.0039000025
pic_3070050960,0.7584963
pic_3023933807,0.69442755
pic_3071003598,0.99838305
pic_3078014780,0.01925211
pic_3045570487,0.35061714
pic_3090591644,0.9878836
pic_3077580073,0.12613207
pic_3072837420,0.5653198
pic_3087466297,0.9778275
pic_3023628709,0.011991923
pic_3016208574,0.7247779
pic_3018811105,0.0022918754
pic_3090936908,0.8941395
pic_3011690732,0.17986202
pic_3047800498,0.99857616
pic_3059400882,0.079884626
pic_3024089954,0.060493365
pic_3058574159,0.22469936
pic_3041043704,0.0045397114
pic_3086111127,0.006888652
pic_3042310670,0.43898058
pic_3025612306,0.6321945
pic_3098740731,0.92849
pic_3050093531,0.005481377
pic_3038452845,0.955276
pic_3062784869,0.8601511
pic_3063840491,0.2630599
pic_3066057879,0.17831838
pic_3042671584,0.97028816
pic_3032028059,0.5927713
pic_3030258387,0.9407184
pic_3055247324,0.84965205
pic_3055736493,0.97723573
pic_3077105447,0.39397112
pic_3091632610,0.98757184
pic_3050407877,0.29417855
pic_3035168476,0.96445847
pic_3040794281,0.7525885
pic_3043783780,0.98990357
pic_3043758682,0.9939241
pic_3099059279,0.6410071
pic_3021235418,0.9741485
pic_3056572113,0.12659837
pic_3059557341,0.1588762
pic_3048396874,0.56039757
pic_3084028491,0.25176883
pic_3039378563,0.9940619
pic_3064762262,0.9981401
pic_3017873470,0.24261436
pic_3063314392,0.028783033
pic_3060487189,0.5864888
pic_3061382997,0.9023513
pic_3097341812,0.37068194
pic_3020552854,0.45720217
pic_3042325577,0.9675069
pic_3018712194,0.512447
pic_3086783827,0.09511261
pic_3012295240,0.9163976
pic_3086316775,0.49527445
pic_3035317507,0.9853581
pic_3026922360,0.08423895
pic_3053560985,0.05016046
pic_3078764534,0.38278398
pic_3042077243,0.91110605
pic_3082761485,0.24476013
pic_3021286831,0.97657245
pic_3068764617,0.94181716
pic_3014193083,0.13110283
pic_3016205721,0.002007114
pic_3072932026,0.015466544
pic_3042323176,0.76930475
pic_3037360729,0.9853196
pic_3016716164,0.9983352
pic_3015581876,0.49940693
pic_3038777368,0.850824
pic_3097939745,0.0912276
pic_3024649073,0.80711085
pic_3015084935,0.950419
pic_3065328391,0.34645775
pic_3054310553,0.9930703
pic_3012238407,0.0024688367
pic_3041415476,0.0014900465
pic_3033537260,0.025327476
pic_3085547457,0.89439
pic_3070042965,0.016219534
pic_3058922394,0.00017479515
pic_3061081759,0.6908485
pic_3092517443,0.8738418
pic_3061001333,0.9195858
pic_3034684263,0.573464
pic_3034177858,0.99180603
pic_3028269315,0.97117805
pic_3093377567,0.97350603
pic_3087379146,0.51293164
pic_3027283279,0.921523
pic_3057853954,0.84898186
pic_3072833946,0.9935689
pic_3069830976,0.8705297
pic_3086898030,0.9844268
pic_3065294784,0.46423954
pic_3031193536,0.99808383
pic_3016170661,0.9273579
pic_3014628798,0.9979684
pic_3034110031,0.6084185
pic_3088150371,0.9383528
pic_3057102424,0.97018135
pic_3013250340,0.8744585
pic_3043478455,0.2564717
pic_3031859934,0.89758515
pic_3051452869,0.04405372
pic_3045555235,0.9644041
pic_3030119327,0.9917887
pic_3029685806,0.97505593
pic_3027121043,0.86360204
pic_3043688065,0.99027133
pic_3055406184,0.70308006
pic_3029866874,0.0009672154
pic_3023916151,0.99591523
pic_3020394599,0.51751804
pic_3065051557,0.008677027
pic_3012866566,0.5198304
pic_3081864966,0.9917366
pic_3081775819,0.60773665
pic_3069643527,0.04997891
pic_3033190312,0.999014
pic_3080403622,0.89085454
pic_3096552112,0.474315
pic_3062902780,0.0926268
pic_3080861225,0.92516947
pic_3076687079,0.010102076
pic_3030089952,0.628175
pic_3062762741,0.085163236
pic_3029406388,0.06906556
pic_3073106665,0.6206479
pic_3021447266,0.98962176
pic_3094952874,0.93877167
pic_3017773399,0.25596163
pic_3077940864,0.43864405
pic_3080278999,0.99683315
pic_3016855501,0.026759401
pic_3096218039,0.9743893
pic_3041326639,0.0064659705
pic_3050066586,0.98797566
pic_3022588806,0.7616473
pic_3044515289,0.9559602
pic_3087702988,0.97681254
pic_3066317841,0.9624557
pic_3055999539,0.98079646
pic_3049134432,0.99961025
pic_3056347040,0.9376282
pic_3075275700,0.9219096
pic_3033378724,0.4417726
pic_3089971378,0.061455507
pic_3028218572,0.9116731
pic_3060474518,0.00032474718
pic_3040587463,0.13089553
pic_3066406477,0.9804569
pic_3051771229,0.671444
pic_3040062966,0.91168433
pic_3089862161,0.99843055
pic_3033587457,0.87472504
pic_3042569419,0.8911217
pic_3039635945,0.90369844
pic_3022786968,0.13503578
pic_3071760274,0.14412804
pic_3075885066,0.7921328
pic_3023134491,0.011988149
pic_3018120568,0.5543355
pic_3029868547,0.16176571
pic_3060510002,0.11680797
pic_3011310127,0.59124684
pic_3041046776,0.8700936
pic_3094885331,0.79292387
pic_3045425249,0.32807904
pic_3026300528,0.57662076
pic_3068739568,0.068665594
pic_3019777265,0.9263274
pic_3098379591,0.53588307
pic_3020135753,0.9972932
pic_3031303178,0.0029004787
pic_3083933495,0.9786199
pic_3037380455,0.95607305
pic_3024760637,0.9939666
pic_3064755557,0.020978333
pic_3036540487,0.9189381
pic_3015625791,0.9672318
pic_3054114435,0.029880315
pic_3091025851,0.9750665
pic_3011904990,0.7868509
pic_3093829955,0.9978757
pic_3026659668,0.6304951
pic_3014172774,0.010130761
pic_3019390010,0.90322924
pic_3020351838,0.7076333
pic_3087159698,0.2293666
pic_3036054614,0.18670446
pic_3046239927,0.3350872
pic_3012379174,0.9973622
pic_3039411791,0.57351005
pic_3014796954,0.3835227
pic_3030842628,0.9842725
pic_3017861915,0.8886373
pic_3089693336,0.8958285
pic_3045874476,0.90582365
pic_3031264799,0.038792547
pic_3057291458,0.91832584
pic_3087533888,0.3222853
pic_3034634638,0.67570657
pic_3051240708,5.5570154e-06
pic_3056566828,0.025270445
pic_3038257827,0.99302083
pic_3032393048,0.9371891
pic_3041631172,0.61209893
pic_3072460513,0.44741246
pic_3049234071,0.2204953
pic_3080241421,0.13458869
pic_3026509029,0.078987405
pic_3042083475,0.8986222
pic_3057032013,0.96995676
pic_3085097296,0.0081792865
pic_3087407709,0.046707485
pic_3058055880,0.9946238
pic_3018363844,0.9845694
pic_3041541780,0.9718683
pic_3094149292,0.9932799
pic_3039422966,0.0017103967
pic_3070767753,0.39117312
pic_3017849124,0.73533016
pic_3061244837,0.95117575
pic_3021772825,0.06549338
pic_3082424688,0.49873418
pic_3017787659,0.0053370455
pic_3089170823,0.56973743
pic_3065150093,0.7806554
pic_3092201930,0.9681892
pic_3054757095,0.88613796
pic_3065369867,0.3038694
pic_3073981728,0.9972671
pic_3092382015,0.91334283
pic_3045392859,0.05908641
pic_3066825175,0.9964635
pic_3045853616,0.9682533
pic_3037660273,0.44496313
pic_3025152418,0.026677871
pic_3098491745,0.9978204
pic_3042330645,0.42691794
pic_3087130564,0.2974827
pic_3012489598,0.99820507
pic_3062862654,0.85981476
pic_3030325666,0.7858151
pic_3085750742,0.097378574
pic_3057333863,0.9715954
pic_3068396086,0.69969434
pic_3025149253,0.1667423
pic_3032152627,0.9143476
pic_3038621744,0.9067209
pic_3074755068,0.97560114
pic_3084465570,0.98620063
pic_3042816291,0.010103722
pic_3038817024,0.003954224
pic_3024230848,0.98575276
pic_3061495054,0.9969375
pic_3076779350,0.9961462
pic_3074409451,0.39302036
pic_3048694499,0.408346
pic_3075861820,0.852063
pic_3061979184,0.076507665
pic_3053982681,0.59238404
pic_3018074933,0.2447351
pic_3059394056,0.95434874
pic_3068851360,0.90942264
pic_3069374029,0.8915479
pic_3033365846,0.33767253
pic_3030611508,0.96473634
pic_3040742288,0.019079924
pic_3015080487,0.018503401
pic_3036841704,0.6466855
pic_3074696892,0.90198207
pic_3089300096,0.024043633
pic_3040811983,0.5614506
pic_3079313156,0.26644036
pic_3067731634,0.98178893
pic_3063374172,0.94336796
pic_3019276081,0.8154367
pic_3055878611,0.9403721
pic_3088124919,0.9930755
pic_3055555938,0.0066072783
pic_3081143179,0.054184027
pic_3068890769,0.9662397
pic_3082631814,0.8939012
pic_3094419691,0.1296886
pic_3075880112,0.56729835
pic_3099626015,0.9758017
pic_3098960710,0.6105613
pic_3052024168,0.860954
pic_3065357365,0.47329047
pic_3097768327,0.10842365
pic_3061488392,0.9641276
pic_3078137481,0.9764647
pic_3083529155,0.9967616
pic_3018529453,0.095927544
pic_3031806850,0.9547067
pic_3084978656,0.93523496
pic_3014405551,0.989938
pic_3083040637,0.9877715
pic_3076650480,0.9607817
pic_3016635946,0.97760844
pic_3070815837,0.8004653
pic_3035567108,0.6361276
pic_3097426942,6.571201e-05
pic_3074531966,0.9060704
pic_3051653845,0.7764077
pic_3043815344,0.63795906
pic_3047635864,0.9841271
pic_3059405618,0.95920694
pic_3094851889,0.2188476
pic_3059553522,0.14163743
pic_3035515813,0.9884511
pic_3038271722,0.93157434
pic_3063429761,0.007381482
pic_3014134236,0.4116335
pic_3029216944,0.83987445
pic_3020358565,0.50891906
pic_3040376320,0.9552895
pic_3071769619,0.007628538
pic_3035528927,0.0025491272
pic_3020081920,0.0011415766
pic_3096255700,0.3351604
pic_3065106270,0.8449484
pic_3039130022,0.75742626
pic_3024347350,0.28668284
pic_3034289355,0.94592494
pic_3028777584,0.9918283
pic_3025714632,0.9929154
pic_3087849959,0.99895203
pic_3055772166,0.97967714
pic_3095284568,0.0025328987
pic_3095741973,0.97146374
pic_3048024078,0.32560045
pic_3044165993,0.0038167362
pic_3091732330,0.14838634
pic_3032450185,0.99689865
pic_3038761385,0.9973968
pic_3085851480,0.0013569406
pic_3031315628,0.36661237
pic_3013580660,0.99055326
pic_3043673785,0.7800342
pic_3091928615,0.00043332178
pic_3037279263,0.9941923
pic_3041113250,0.98209435
pic_3049759949,0.9638856
pic_3083768735,0.8140582
pic_3099823238,0.95960337
pic_3066509154,0.16708615
pic_3023351830,0.96838546
pic_3099733317,0.90843374
pic_3022793200,0.0011342971
pic_3088689022,0.9890884
pic_3015569901,0.9889585
pic_3099714513,0.7750669
pic_3098986426,0.9874184
pic_3052253526,0.94083923
pic_3040473316,0.9369765
pic_3052748593,0.966512
pic_3029147244,0.3913428
pic_3084627916,0.9964095
pic_3085544372,0.26828185
pic_3034196475,0.74177665
pic_3071409069,0.76176846
pic_3017951699,0.9402613
pic_3086367308,0.64255893
pic_3026979444,0.95533854
pic_3092285146,0.32565048
pic_3084669249,0.6835064
pic_3062227328,0.9446422
pic_3031862247,0.9942035
pic_3041613875,0.0003971815
pic_3039479397,0.10403163
pic_3076102382,0.2114594
pic_3045925834,0.7021968
pic_3063779518,0.97926337
pic_3021277384,0.3761889
pic_3091027746,0.8861345
pic_3028596298,0.0001476901
pic_3057690316,0.25482148
pic_3079011596,0.46640196
pic_3048847294,0.17785457
pic_3013230572,0.07468773
pic_3031643904,0.24500775
pic_3094121270,0.99292797
pic_3029313837,0.16700697
pic_3094162484,0.5279729
pic_3042149163,0.07325141
pic_3037916719,0.6269405
pic_3043225837,0.014725728
pic_3098377856,0.8996322
pic_3014724060,0.94789743
pic_3087804388,0.7337277
pic_3047997204,0.9872329
pic_3045715407,0.9833636
pic_3076713282,0.0020886946
pic_3087889133,0.99688405
pic_3077454446,0.004532081
pic_3093821171,0.83750445
pic_3021730354,0.82987505
pic_3075677676,0.9906583
pic_3090946563,0.9202245
pic_3059521723,0.32061356
pic_3019114236,0.40990937
pic_3038266207,0.608004
pic_3050319674,0.61558896
pic_3050600021,0.96288455
pic_3094941030,0.90656793
pic_3054922005,0.99201256
pic_3067425714,0.6316531
pic_3074682017,0.81423193
pic_3041377800,0.37827998
pic_3047540553,0.9672413
pic_3032069029,0.990306
pic_3034230535,0.16016778
pic_3051791327,0.9972228
pic_3097251876,0.96826464
pic_3092618711,0.0019325736
pic_3079958379,0.62610984
pic_3019438846,0.16402064
pic_3071452162,0.98662704
pic_3061614395,0.5002066
pic_3033836217,0.802684
pic_3072515822,0.9797625
pic_3016607658,0.9936034
pic_3078053622,0.9990822
pic_3012850439,0.59247446
pic_3099090205,0.8389354
pic_3024728135,0.117640026
pic_3052598874,0.0016887778
pic_3063031388,0.98296076
pic_3062060979,0.002321216
pic_3034287528,0.761331
pic_3049770714,0.99743396
pic_3026547502,0.40907678
pic_3040126663,0.1478999
pic_3089503038,0.17954716
pic_3046520669,0.9281668
pic_3028551378,0.93364364
pic_3078429927,0.99697304
pic_3069616391,0.19005673
pic_3092672863,0.99834347
pic_3064129980,0.9810175
pic_3069487576,0.99640584
pic_3044173089,0.0026313986
pic_3081323100,0.98866534
pic_3055360597,0.7220477
pic_3097324709,0.84637815
pic_3044862209,0.3132843
pic_3016225251,0.13840532
pic_3017117263,0.9602543
pic_3017741725,0.99958366
pic_3044110043,0.9648921
pic_3027780085,0.91257775
pic_3041027028,0.40194702
pic_3041301897,0.8439941
pic_3086230051,0.050275464
pic_3024081423,0.97983813
pic_3036799450,0.508353
pic_3025951528,0.99739146
pic_3085221106,0.9724973
pic_3021831808,0.8973972
pic_3086083522,0.004674824
pic_3055026200,0.7469622
pic_3017880193,0.5337794
pic_3039863309,0.83901376
pic_3063096907,0.8721061
pic_3057688277,0.97635925
pic_3011165642,0.5058475
pic_3064622785,0.8830194
pic_3030969190,0.9663224
pic_3071941534,0.98796296
pic_3079095183,0.34047964
pic_3048550543,0.97267985
pic_3096364883,0.014665502
pic_3011583728,0.056860834
pic_3081807667,0.964997
pic_3027702790,0.6205718
pic_3097524794,0.6923027
pic_3090115968,0.0023158025
pic_3066543775,0.939754
pic_3064786161,0.42989168
pic_3025344682,0.9343257
pic_3089840604,0.014636163
pic_3047398888,0.37265763
pic_3038658860,0.8997767
pic_3088213007,0.10049599
pic_3049582899,0.026858712
pic_3087155459,0.8944806
pic_3044715127,0.9246668
pic_3070803037,0.9906888
pic_3050815800,0.97340965
pic_3047479405,0.78708243
pic_3019498968,0.9965726
pic_3015217358,0.012102906
pic_3074234199,0.6469475
pic_3072697797,0.9380622
pic_3076937010,0.98308957
pic_3056851746,0.38274232
pic_3085438977,0.8821937
pic_3068347329,0.6667302
pic_3074499978,0.5776019
pic_3082551737,0.004899632
pic_3092868699,0.30012697
pic_3065063672,0.10222753
pic_3093118687,0.8666799
pic_3012897546,0.12891674
pic_3068928854,0.91754216
pic_3014604877,0.9983993
pic_3073661197,0.25204426
pic_3058459190,0.019478735
pic_3075283363,0.3830475
pic_3081368361,0.16774534
pic_3077244513,0.98782736
pic_3072661645,0.9926925
pic_3070662064,0.44687286
pic_3077478032,0.25637454
pic_3030449502,0.82775366
pic_3041972309,0.9942139
pic_3032845096,0.9758606
pic_3082300368,0.7989901
pic_3050357062,0.79680496
pic_3037722832,0.9393921
pic_3017354467,0.3041138
pic_3026268646,0.54770404
pic_3069647100,7.857929e-06
pic_3058231875,0.44804603
pic_3055011293,0.09996267
pic_3048435284,0.66442615
pic_3069036038,0.9141516
pic_3028303478,0.9185786
pic_3066036772,0.3039465
pic_3014942306,0.90869296
pic_3056982107,0.3471397
pic_3098192293,0.1014475
pic_3073778309,0.6865598
pic_3099567825,0.002395519
pic_3063566567,0.92158556
pic_3062806152,0.9087785
pic_3030506448,0.91682756
pic_3025085464,0.71867406
pic_3064151498,0.15125327
pic_3013033915,0.002716994
pic_3015986807,0.96304053
pic_3097758033,0.97864896
pic_3027757514,0.99933064
pic_3061955538,0.8566053
pic_3051628154,0.30621114
pic_3089894379,0.26925886
pic_3022601863,0.07611901
pic_3018882219,0.9613787
pic_3085636197,0.99666446
pic_3078940957,0.6866345
pic_3079274627,0.9971373
pic_3074448811,0.0017439115
pic_3027033442,0.93712616
pic_3014273342,0.045767453
pic_3097763235,0.76750356
pic_3052839864,0.87158716
pic_3057126133,0.8245247
pic_3062033026,0.0072111264
pic_3056070997,0.9567976
pic_3041629286,0.030410664
pic_3032440488,0.99749136
pic_3095449811,0.45710394
pic_3049121619,0.00037368108
pic_3016177501,0.7748736
pic_3031431173,0.0009827755
pic_3065982901,0.98494107
pic_3090350523,0.0006942651
pic_3073426525,0.7987783
pic_3082698190,0.8717132
pic_3074189326,0.9499675
pic_3044661483,0.7472453
pic_3049792482,0.9671285
pic_3052467879,0.9312494
pic_3048327010,0.7823981
pic_3099943956,0.25754514
pic_3075934518,0.4871229
pic_3072842386,0.79164815
pic_3019546570,0.953483
pic_3034211841,0.94021684
pic_3098637365,0.012766747
pic_3068813577,0.00047088254
pic_3035427386,0.78298414
pic_3056673634,0.8910064
pic_3060667265,0.61618644
pic_3071632309,0.9957415
pic_3097397909,0.08149302
pic_3053191067,0.7328001
pic_3064222476,0.03284424
pic_3029834320,0.045955904
pic_3065247757,0.9970906
pic_3017800530,0.9707091
pic_3080092784,0.031670734
pic_3027473380,0.996872
pic_3093264789,0.0015210363
pic_3057470202,0.9995259
pic_3053627442,0.024479875
pic_3087935402,0.0047188755
pic_3070631901,0.00024815532
pic_3030676409,0.9094523
pic_3095825390,0.013413065
pic_3074674496,0.4793788
pic_3076117304,0.7877104
pic_3087396870,0.9780385
pic_3054682086,0.0009229418
pic_3024597499,0.87276
pic_3070593724,0.53505373
pic_3027947644,0.9973386
pic_3050789685,0.87434375
pic_3057186338,0.00016304005
pic_3016883547,0.96555316
pic_3075095936,0.96013355
pic_3033778585,0.00017877464
pic_3090639171,0.90906733
pic_3053953048,0.5221448
pic_3039582134,0.99561334
pic_3039905355,0.36517152
pic_3055801687,0.041335996
pic_3014323615,0.36497077
pic_3018727246,0.9357644
pic_3081464975,0.29201555
pic_3044645100,0.98085356
pic_3058312891,0.9910499
pic_3077039039,0.55761296
pic_3050259323,0.99321437
pic_3069523911,0.9600951
pic_3082266939,0.0022346315
pic_3064911422,0.0071156756
pic_3052438779,0.97825885
pic_3061400846,0.96887255
pic_3091103776,0.5668135
pic_3051629666,0.0023085515
pic_3045578641,0.7724629
pic_3062514695,0.98922336
pic_3062675928,0.99405766
pic_3060941799,0.25320163
pic_3064307894,0.0021493838
pic_3069798032,0.97982293
pic_3052427253,0.41950545
pic_3037119642,0.99049133
pic_3085451608,0.9902665
pic_3056281781,0.0022557385
pic_3034935559,0.9979261
pic_3052428668,0.9994166
pic_3031631470,0.043294985
pic_3036841188,0.48632172
pic_3037740097,0.002236163
pic_3052052124,0.12809625
pic_3027286000,0.92835355
pic_3048446500,0.9868482
pic_3064488091,0.046993237
pic_3092479977,0.98854685
pic_3097711786,0.56241155
pic_3045118192,0.18933308
pic_3012886219,0.9761579
pic_3059571091,0.053888567
pic_3079499615,0.9845563
pic_3084472115,0.99605465
pic_3030244618,0.9998264
pic_3086752281,0.059012454
pic_3067028635,0.9865378
pic_3046040002,0.91120887
pic_3089738359,0.99776185
pic_3072623068,0.8864555
pic_3036603143,0.9728347
pic_3020566353,0.1450303
pic_3045326004,0.8989105
pic_3088921733,0.97389925
pic_3056759835,0.91940004
pic_3072627344,0.9120707
pic_3093401430,0.9708838
pic_3022090253,0.892569
pic_3034385918,0.39969963
pic_3012173187,0.29769957
pic_3033644458,0.14520662
pic_3093821629,0.9880547
pic_3047024345,0.006074254
pic_3059424130,0.97691
pic_3031484991,0.9944602
pic_3017916029,0.9786629
pic_3037561658,0.9575231
pic_3020845423,0.13618787
pic_3048162149,0.9769957
pic_3058053536,0.020628588
pic_3054747298,0.9287723
pic_3043682284,0.68295735
pic_3053451302,0.25539503
pic_3058470421,0.9893807
pic_3049449478,0.6361604
pic_3083837762,0.58141935
pic_3012424922,0.0006324445
pic_3057817591,0.99297535
pic_3067810672,0.8146319
pic_3093472730,0.9895802
pic_3069593316,0.9236114
pic_3026123177,0.426213
pic_3074725285,0.013640126
pic_3084241789,0.0035983832
pic_3052302420,0.58610976
pic_3057222444,0.8739771
pic_3041865724,0.0018808802
pic_3017823155,0.5059777
pic_3056917829,0.9222201
pic_3041224119,0.09006421
pic_3089726654,0.00068052317
pic_3074517549,0.0008103483
pic_3094946054,0.004188116
pic_3014546436,0.9755803
pic_3086510689,0.73890245
pic_3092236543,0.43492472
pic_3079925753,0.5954605
pic_3011400486,0.024927687
pic_3023824300,0.0028892017
pic_3094972692,0.48833784
pic_3016737480,0.59600186
pic_3052886093,0.96967196
pic_3037486387,0.9950989
pic_3022528450,0.9744207
pic_3027722849,0.7051384
pic_3058070457,0.22300036
pic_3042584589,0.9871209
pic_3056280392,0.9881534
pic_3021169496,0.77846086
pic_3061738697,0.15662594
pic_3066218046,0.53831214
pic_3016209315,0.93417704
pic_3058552363,0.70062864
pic_3014973856,0.97488934
pic_3088743457,0.012616012
pic_3056759220,0.99642676
pic_3098556123,0.9632691
pic_3099123770,0.959709
pic_3088660649,0.0016719023
pic_3056452403,0.11999906
pic_3047905219,0.97051144
pic_3026923347,0.9966528
pic_3096402994,0.8888363
pic_3063530654,0.056697916
pic_3090059027,0.98788315
pic_3080363295,0.6249805
pic_3034303582,0.016134167
pic_3055285010,0.98388827
pic_3087377398,0.00013847693
pic_3080466645,0.98692256
pic_3075681781,0.9972108
pic_3077297633,0.44037938
pic_3092790537,0.9661027
pic_3051619056,0.003068238
pic_3022700055,0.0016399682
pic_3042809390,0.23189555
pic_3020854406,0.7364616
pic_3083759255,0.63515735
pic_3052804919,0.8160002
pic_3052805399,0.716108
pic_3037522936,0.008483422
pic_3087619073,0.28331834
pic_3022216290,0.8232283
pic_3085532868,0.64005804
pic_3032331765,0.97109824
pic_3097137170,0.15895453
pic_3058406642,0.99628866
pic_3083434830,0.9450305
pic_3072861382,0.99736375
pic_3097031675,0.9870494
pic_3075529287,0.61721706
pic_3088739289,0.9254955
pic_3041258399,0.10634417
pic_3096364136,0.88352114
pic_3069718684,0.938337
pic_3037812709,0.995112
pic_3046697342,0.9959241
pic_3079143832,0.06646504
pic_3049424061,0.07532036
pic_3019355095,0.88396484
pic_3016851468,0.93056035
pic_3062906166,0.8161827
pic_3027323152,0.7792698
pic_3069791964,0.6125006
pic_3070180013,0.8063468
pic_3077446938,0.22051561
pic_3093193322,0.0055838292
pic_3017223402,0.037862495
pic_3068837234,0.80763966
pic_3046212461,0.99101794
pic_3019033217,0.97564256
pic_3034165288,0.0005915606
pic_3087080808,0.48065796
pic_3024899041,0.9907911
pic_3032712762,0.31517455
pic_3050449239,0.243191
pic_3021056894,0.9957748
pic_3087121219,0.826366
pic_3085046388,0.7989092
pic_3038116557,0.6655543
pic_3084622516,0.31017488
pic_3040669554,0.45203838
pic_3095524180,0.03167324
pic_3038314695,0.8609763
pic_3026598005,0.9983872
pic_3060551944,0.00040907544
pic_3014643660,0.24592027
pic_3053460877,0.93955815
pic_3022258598,0.74698347
pic_3041164988,0.23276132
pic_3020214686,0.7311748
pic_3042043446,0.011743128
pic_3034804968,0.9407456
pic_3041866622,0.0035113783
pic_3073454063,0.9895991
pic_3057742291,0.74961954
pic_3042371529,0.6836201
pic_3067450374,0.9344402
pic_3097859589,0.017188514
pic_3078941071,0.7499518
pic_3037158923,0.8781006
pic_3024567330,0.3088887
pic_3067589070,0.00020466647
pic_3076595392,0.9721519
pic_3077023735,0.74775904
pic_3059291868,0.47307664
pic_3087400012,0.8592354
pic_3068050404,8.187286e-05
pic_3018137461,0.51674986
pic_3060894197,0.18234242
pic_3022847171,0.93324316
pic_3036351548,0.7024603
pic_3095462340,0.015114649
pic_3084092286,0.94559354
pic_3071180435,0.99887556
pic_3076077634,0.00970261
pic_3018125793,0.8834542
pic_3068549237,0.1565003
pic_3028294117,0.006076961
pic_3018981573,0.6747735
pic_3024163556,0.0016936823
pic_3088790171,0.75386786
pic_3027021439,0.9867622
pic_3060846503,0.11411694
pic_3035657082,0.07066435
pic_3063635535,0.60971016
pic_3029389484,0.95683765
pic_3065894457,0.032197896
pic_3073872021,0.843395
pic_3050042490,0.9992483
pic_3036489655,0.8426501
pic_3036471315,0.92533994
pic_3027407233,0.65492314
pic_3043742615,0.5575877
pic_3075870132,0.98377836
pic_3030547159,0.86576676
pic_3066774403,0.9531768
pic_3021333965,0.013122604
pic_3011930073,0.7330961
pic_3012267290,0.99853826
pic_3074113277,0.052007053
pic_3029067925,0.98081505
pic_3045148063,0.017200777
pic_3028159208,0.0011242368
pic_3033076719,0.976268
pic_3050170491,0.9826096
pic_3011459237,0.9860742
pic_3011551864,0.48993012
pic_3026103877,0.031743508
pic_3092415856,0.88915706
pic_3040507554,0.9973584
pic_3037902041,0.40952626
pic_3027302248,0.9488103
pic_3056549189,0.9888426
pic_3024286481,0.44936344
pic_3073031003,0.005448874
pic_3058030708,0.2524909
pic_3072424867,0.95805544
pic_3048318298,0.24259923
pic_3064022649,0.90976954
pic_3049670689,0.9971253
pic_3048991815,0.012264625
pic_3044176428,0.96966034
pic_3067655156,0.35113516
pic_3034077008,0.046129264
pic_3062854936,0.4085478
pic_3081445056,0.9917065
pic_3046506195,0.93759906
pic_3088286293,0.9980021
pic_3056534510,0.62607384
pic_3093789434,0.032096345
pic_3053098932,0.76509476
pic_3021539318,0.06232492
pic_3066978528,0.98219013
pic_3095431825,0.51887786
pic_3062260734,0.9815098
pic_3032814975,0.9892034
pic_3050213079,0.46644393
pic_3028369379,0.007904505
pic_3024789361,0.36395866
pic_3041021908,0.84624445
pic_3039790217,0.0029341704
pic_3013617097,0.038952343
pic_3094294499,0.9923752
pic_3089360956,0.0013149268
pic_3031048602,0.5225989
pic_3012732319,0.97581494
pic_3092075790,0.8626832
pic_3033944606,0.76319134
pic_3057367600,0.015548296
pic_3050041336,0.98672324
pic_3085650797,0.9864115
pic_3093345884,0.966566
pic_3033212926,0.2556217
pic_3046712697,0.99815565
pic_3051193154,0.78200924
pic_3039738805,0.98045796
pic_3047338457,0.27560365
pic_3028631143,0.9950008
pic_3091224156,0.808069
pic_3049544721,0.76930463
pic_3059078395,0.8890781
pic_3037256672,0.9120605
pic_3033073688,0.98555356
pic_3059990266,0.99877757
pic_3058763352,0.7774467
pic_3047086570,0.98103744
pic_3050047883,0.004516584
pic_3039476419,2.006428e-05
pic_3099456635,0.9927967
pic_3011500104,0.0012627821
pic_3098469736,0.538623
pic_3043208060,0.3411176
pic_3012983855,0.99650097
pic_3065403504,0.99066037
pic_3069134697,0.86229795
pic_3071917355,0.98214334
pic_3086313642,0.98214644
pic_3057157492,0.6163428
pic_3095385753,0.61433655
pic_3073155823,0.41819566
pic_3034622616,0.45310947
pic_3058396021,0.41243216
pic_3076732675,0.36127478
pic_3073135714,0.1645433
pic_3090101658,0.8848046
pic_3037511401,0.7172643
pic_3041374464,0.21858412
pic_3061811009,0.31919387
pic_3046137655,0.34251988
pic_3068538063,0.12369966
pic_3046416531,0.11830589
pic_3070435058,0.97587967
pic_3064879460,0.99754673
pic_3099702032,0.002217091
pic_3049057399,0.97661203
pic_3043780708,0.9975883
pic_3063433521,0.99956125
pic_3085013240,0.98141646
pic_3027542355,0.26392525
pic_3062181737,0.14342552
pic_3076854564,0.048825923
pic_3052401178,0.0022271876
pic_3080387672,0.048065614
pic_3090757158,0.94904554
pic_3068159881,0.9939569
pic_3022304191,0.0019618492
pic_3078313789,0.9755829
pic_3084804278,0.996231
pic_3070444686,0.38184178
pic_3091348782,0.96746516
pic_3011300884,0.8049374
pic_3025658351,0.9858357
pic_3078541381,0.27010804
pic_3044943146,0.00152765
pic_3087449716,0.9861627
pic_3019845458,0.9925809
pic_3037039519,0.7522286
pic_3071811422,0.9908326
pic_3066133367,0.9308055
pic_3081975142,0.7815107
pic_3031013401,0.10653263
pic_3084713709,0.1564304
pic_3078161245,0.3577267
pic_3045921303,0.06316137
pic_3096776756,0.96939015
pic_3064344605,0.9553406
pic_3040615593,0.025478886
pic_3072734606,0.1866156
pic_3016671282,0.9864991
pic_3064682849,0.057109524
pic_3092106920,0.366006
pic_3060803661,0.98906237
pic_3063625279,0.17564629
pic_3094783053,0.99964476
pic_3085274108,0.98098916
pic_3097192945,0.96513456
pic_3025056340,0.5414933
pic_3026993026,0.41243216
pic_3071792681,0.009198221
pic_3098471541,0.56993276
pic_3051872744,0.15812334
pic_3094738673,0.9188976
pic_3025513421,0.5167604
pic_3049134820,0.6815415
pic_3021455317,0.22649847
pic_3023802428,0.9960247
pic_3013425629,0.07998314
pic_3044232608,0.012051486
pic_3013359947,0.9212369
pic_3015204138,0.32357067
pic_3015794850,0.97153264
pic_3037942734,0.00727706
pic_3031949375,0.8791892
pic_3099861634,0.8895996
pic_3071373882,0.17226462
pic_3098109569,0.9534183
pic_3051124616,0.9297701
pic_3047747252,0.6451303
pic_3066587290,0.011517178
pic_3049165563,0.9993856
pic_3094404225,0.39310613
pic_3013555026,0.012409542
pic_3064291517,0.07268586
pic_3037978203,0.71627206
pic_3096067166,0.994087
pic_3060740171,0.02460231
pic_3018182078,0.12690134
pic_3038079244,0.99299943
pic_3063692755,0.9564289
pic_3092040812,0.08161217
pic_3026450885,0.5845745
pic_3022775745,0.82779443
pic_3097517698,0.38149062
pic_3094833048,0.98813045
pic_3045672417,0.9963625
pic_3079919593,0.84574467
pic_3091248370,0.8960614
pic_3074028061,0.9890969
pic_3064367825,0.09352724
pic_3093820926,0.86968327
pic_3025931332,0.9986865
pic_3062851025,0.98745084
pic_3018714681,0.98887223
pic_3097464682,0.97935975
pic_3095777970,0.003377951
pic_3023666307,0.1362989
pic_3083784337,0.002294984
pic_3094624871,0.8036501
pic_3091268766,0.88998455
pic_3028691454,0.8485862
pic_3044872722,0.978558
pic_3024954358,0.757955
pic_3039472259,0.63266724
pic_3014808629,0.32300386
pic_3021608832,0.0053293128
pic_3059447011,0.9834801
pic_3024298386,0.9990701
pic_3094588765,0.22411829
pic_3018405150,0.51251125
pic_3065671508,0.7091246
pic_3030732232,0.980805
pic_3092917163,0.19385919
pic_3012978131,0.0184556
pic_3064856359,0.99382377
pic_3041963460,0.05607573
pic_3069028427,0.8959429
pic_3040614195,0.97715616
pic_3038328974,0.9235285
pic_3078123281,0.997332
pic_3066149942,0.0036009622
pic_3013448051,0.0008803466
pic_3085750602,0.79726833
pic_3052575559,6.920263e-05
pic_3058713889,0.98686963
pic_3015112215,0.9963791
pic_3059696099,0.9795313
pic_3053837925,0.9447486
pic_3036141685,0.5368251
pic_3046812028,0.0002499674
pic_3066246085,0.8183974
pic_3068808678,0.07928607
pic_3034205266,0.39633483
pic_3080379458,0.9931253
pic_3016471559,0.88960975
pic_3032209028,0.00054169033
pic_3048168517,0.9288568
pic_3032547915,0.33240995
pic_3040633392,0.8854871
pic_3044575157,0.9605253
pic_3069259074,0.98304635
pic_3087153364,0.9945549
pic_3030265388,0.117213026
pic_3039723115,0.9944404
pic_3071803755,0.16390556
pic_3030057441,0.99106055
pic_3089793612,0.18915516
pic_3078780496,0.9819311
pic_3061340046,0.42630097
pic_3098923259,0.9958973
pic_3078451331,0.8788414
pic_3099844431,0.4698459
pic_3030336224,0.9680473
pic_3067976966,0.1935698
pic_3046046450,0.040363997
pic_3047633625,0.9724098
pic_3080115237,0.9764706
pic_3076370012,0.7676027
pic_3056372687,0.99560744
pic_3057268834,0.0036116263
pic_3039191842,0.0040102913
pic_3069123333,0.8956988
pic_3093518001,0.7281011
pic_3046407199,0.33152503
pic_3027192680,0.19795269
pic_3065587103,0.9583796
pic_3022144050,0.14573248
pic_3096179916,0.024614226
pic_3041542277,0.9308794
pic_3018969155,0.8794672
pic_3083237668,0.99443865
pic_3014904571,0.02263181
pic_3091861994,0.9773144
pic_3024674290,0.02204032
pic_3082662164,0.9146359
pic_3033858649,0.007915376
pic_3096593087,0.9409001
pic_3076386332,0.2888343
pic_3061220427,0.94033897
pic_3044774601,0.8207372
pic_3019273004,0.93709445
pic_3084339163,0.15833746
pic_3012693914,0.9262461
pic_3088573641,0.84728664
pic_3085045120,0.5127645
pic_3096293236,0.7355857
pic_3034815184,0.22372471
pic_3037560894,0.921425
pic_3055536750,0.53398967
pic_3061169264,0.9884586
pic_3056132778,0.099079326
pic_3088915960,0.98824
pic_3041474134,0.99644095
pic_3070989411,0.99872977
pic_3087575380,0.8605002
pic_3064942912,0.9987534
pic_3069678263,0.7217382
pic_3090946335,0.12699148
pic_3043742011,0.46541038
pic_3075421861,0.0144255115
pic_3033830002,0.4530529
pic_3079485104,0.9957283
pic_3048362548,0.9091052
pic_3064028683,0.040678445
pic_3079975667,0.99638414
pic_3098213830,0.47700962
pic_3063348721,0.982712
pic_3017431770,0.14409669
pic_3076753061,0.73087263
pic_3087624088,0.9178049
pic_3076803491,0.995552
pic_3096116774,0.31476542
pic_3094683110,0.5577062
pic_3078964004,0.053867105
pic_3025643258,0.015859913
pic_3082068837,0.0010203759
pic_3035182401,0.918161
pic_3055089846,0.00062433165
pic_3024534951,0.9556544
pic_3068912470,0.9573157
pic_3078005661,0.06581066
pic_3083178238,0.8472095
pic_3037657651,0.019825839
pic_3098296188,0.06666204
pic_3050601073,0.7060123
pic_3099343792,0.00073230476
pic_3096223242,0.3277991
pic_3099031216,0.1818997
pic_3052677156,0.9874034
pic_3070645261,0.14525178
pic_3095081745,0.41800743
pic_3014809659,0.29627606
pic_3076385003,0.777028
pic_3067684548,0.33142814
pic_3033709356,0.2827005
pic_3095543231,0.63981915
pic_3087932682,0.787939
pic_3097880119,0.02478435
pic_3085542659,0.9425105
pic_3078956662,0.6979281
pic_3031898892,0.00029882556
pic_3052879019,0.009875132
pic_3050035562,0.9796969
pic_3069211798,0.29501063
pic_3040231043,0.7952938
pic_3042893167,0.9926086
pic_3038483855,0.012330506
pic_3075227270,0.84388113
pic_3034115885,0.9724727
pic_3017907128,0.7468961
pic_3053646433,0.32199994
pic_3075091629,0.9712613
pic_3035732860,0.893775
pic_3019093749,0.9750299
pic_3063319680,0.954696
pic_3079113045,0.2371391
pic_3025762731,0.92783743
pic_3071093058,0.9902563
pic_3040568581,0.22991322
pic_3078348287,0.9803877
pic_3073479251,0.9977786
pic_3038584062,0.9171956
pic_3056287787,0.00012638899
pic_3018640581,0.537296
pic_3041951402,0.9774245
pic_3054969548,0.7984733
pic_3071068723,0.031856056
pic_3090338504,0.8454262
pic_3012810517,0.048066303
pic_3081319585,0.98879063
pic_3083760088,0.9881002
pic_3020589583,0.00063954666
pic_3050947246,0.02045046
pic_3038756614,0.5591266
pic_3038663720,0.9964181
pic_3047825796,0.8398431
pic_3096625996,0.0031591812
pic_3094286463,0.3561854
pic_3057357979,0.014840953
pic_3094567053,0.99929047
pic_3039357792,0.12983906
pic_3015177992,0.91023535
pic_3072331107,0.9925063
pic_3026741826,0.9700473
pic_3092507381,0.31353933
pic_3015017585,0.8859077
pic_3038969769,0.07400409
pic_3097229783,0.7918484
pic_3035023392,0.9712204
pic_3034217160,0.015475855
pic_3035341564,0.016159996
pic_3070811435,0.3183777
pic_3060321397,0.8659445
pic_3077634950,0.99598074
pic_3018825006,0.46099085
pic_3015474905,0.99814105
pic_3094799925,0.7507116
pic_3043559149,0.06889092
pic_3046947171,0.0003271121
pic_3018670552,0.9896584
pic_3016613070,0.20784299
pic_3017667420,0.9610955
pic_3018919230,0.93726844
pic_3080270334,0.997959
pic_3081308896,0.011753298
pic_3049247388,0.015623257
pic_3079491781,0.9485186
pic_3064602351,0.86405724
pic_3043469363,0.99503434
pic_3098891195,0.9712803
pic_3084915626,0.991456
pic_3029921914,0.04966776
pic_3076955840,0.9213478
pic_3034446123,0.9426681
pic_3021232249,0.7310517
pic_3022368262,0.9207004
pic_3052730367,0.12483651
pic_3082526794,0.8880655
pic_3069319936,0.71913964
pic_3094957843,0.83350885
pic_3059770122,0.47713897
pic_3095441495,0.71494895
pic_3064654811,0.39799502
pic_3033287939,0.105408646
pic_3088209075,0.84784025
pic_3057272967,0.9854553
pic_3032447109,0.9475684
pic_3080123016,0.064545766
pic_3035954240,0.50518644
pic_3055429840,0.88936275
pic_3021925430,0.49185172
pic_3041726835,0.5114755
pic_3013767515,0.08696227
pic_3025630319,0.0066166776
pic_3068142630,0.99176824
pic_3096050177,0.9836315
pic_3035722482,0.6555507
pic_3026346505,0.44886518
pic_3054787896,0.43107906
pic_3052420469,0.9831834
pic_3029246696,0.89095455
pic_3071818419,0.01317402
pic_3085429603,0.9827308
pic_3030960985,0.92557627
pic_3064793337,0.9607829
pic_3037888382,0.00029969204
pic_3033350840,0.9236307
pic_3061837296,0.9154684
pic_3049096410,0.4388283
pic_3085002207,0.8955472
pic_3080058886,0.9956001
pic_3083366208,0.65309286
pic_3041603108,0.9874845
pic_3043750234,0.9977071
pic_3046811291,0.62243265
pic_3060960128,0.7463741
pic_3034863114,0.9597103
pic_3011623489,0.9663794
pic_3097302943,0.89575076
pic_3026894706,3.826573e-05
pic_3094149136,0.018216498
pic_3061388097,0.29619482
pic_3045103412,0.61204046
pic_3075881591,0.992117
pic_3098313636,0.9980724
pic_3096203027,0.21375474
pic_3040863751,0.8240282
pic_3094293027,0.00030021823
pic_3065463720,0.9752945
pic_3023308488,0.018909946
pic_3071401604,0.972377
pic_3069064408,0.12006841
pic_3021423087,0.6412733
pic_3013860606,0.014487415
pic_3045223567,0.99452174
pic_3079487653,0.22529072
pic_3083489637,0.0050385892
pic_3053192948,0.10118302
pic_3055842682,0.53110284
pic_3029963211,0.91760194
pic_3044635779,0.9515053
pic_3045002028,0.9993919
pic_3076591375,0.9249139
pic_3064379947,0.025915321
pic_3066642308,0.3281458
pic_3050976796,0.94259965
pic_3016418322,0.33576518
pic_3040144471,0.8112339
pic_3046171964,0.9545093
pic_3093398089,0.9566778
pic_3030284899,0.9869332
pic_3096239371,0.9971746
pic_3029973018,0.95099825
pic_3059681145,0.9370237
pic_3068560060,0.13364364
pic_3053831961,0.94287753
pic_3051030281,0.056553643
pic_3041668162,0.537411
pic_3097383476,0.68188775
pic_3050364153,0.888485
pic_3073043810,0.9945326
pic_3080524217,0.76250154
pic_3054862185,0.9396324
pic_3030721662,0.9741039
pic_3061099292,0.9505869
pic_3029965944,0.4522956
pic_3098971494,0.8024769
pic_3024003921,0.9373659
pic_3078713874,0.99881184
pic_3033127045,0.9971507
pic_3062584952,0.9783925
pic_3035922929,0.6421417
pic_3019059280,0.9269386
pic_3056036785,0.41243216
pic_3043174940,0.9914324
pic_3069205503,0.89814585
pic_3045114070,0.36246356
pic_3036563002,0.93936527
pic_3048345296,0.89685386
pic_3033753342,0.4072839
pic_3056054790,0.055887554
pic_3053010045,0.5394503
pic_3037673126,0.61221457
pic_3092508884,0.99708945
pic_3060209912,0.98801476
pic_3024264702,0.12577778
pic_3063333979,0.100522235
pic_3042853484,0.9431312
pic_3091362868,0.006578958
pic_3088357635,0.74414986
pic_3094557681,0.94655424
pic_3024108846,0.76551366
pic_3041042378,0.9370583
pic_3012650293,0.89466697
pic_3047244663,0.014757892
pic_3046953233,0.7691914
pic_3023145713,0.81508183
pic_3036179733,0.9119647
pic_3066860338,0.44882464
pic_3015988459,0.9929512
pic_3092163852,0.7436676
pic_3093601986,0.9437563
pic_3024355189,0.539391
pic_3035341879,0.9985102
pic_3044610422,0.88432753
pic_3080299894,0.00850508
pic_3066609801,0.932694
pic_3056081674,0.01686002
pic_3091217595,0.0063372157
pic_3024990049,0.039737087
pic_3088824087,0.007490997
pic_3023365108,0.86549723
pic_3049544750,0.252939
pic_3071966629,0.11480346
pic_3057417009,0.87893134
pic_3078140811,0.9484141
pic_3083528988,0.95426774
pic_3098062634,0.9592257
pic_3036466990,0.034161843
pic_3088514528,0.9684497
pic_3012613002,0.5960385
pic_3012578790,0.17142305
pic_3058641474,0.99985826
pic_3049309389,0.0006906435
pic_3097291008,0.9967739
pic_3049681002,0.018752461
pic_3042573667,0.98891
pic_3051863478,0.6153265
pic_3035768597,0.030006409
pic_3086841144,0.71499586
pic_3028925300,0.021593425
pic_3047010719,0.75968534
pic_3082479290,0.42823806
pic_3047877265,0.15081765
pic_3088424682,0.037906718
pic_3067541332,0.008571251
pic_3097598575,0.37866545
pic_3022733538,0.010620627
pic_3083783150,0.090660416
pic_3077500615,0.007740836
pic_3032684442,0.98246527
pic_3046905039,0.0009106819
pic_3038542603,0.8789097
pic_3092269411,0.10129539
pic_3045380596,0.06297007
pic_3026209387,0.29220313
pic_3080365532,0.9927181
pic_3084572588,0.98029387
pic_3021236408,0.9870363
pic_3027332288,0.43111527
pic_3096454781,0.85910827
pic_3046380211,0.1964573
pic_3051352425,0.039074432
pic_3067207183,0.9535377
pic_3084572856,0.10978644
pic_3037373152,0.9983512
pic_3012378630,0.9670487
pic_3078206428,0.020568157
pic_3048686092,0.984178
pic_3057484031,0.1394911
pic_3028528758,0.10981818
pic_3022754518,0.7003937
pic_3030133857,0.14028548
pic_3046957342,0.911942
pic_3084933053,0.31557736
pic_3052927033,0.9992741
pic_3090259106,0.6527931
pic_3043444614,0.010820643
pic_3023342298,0.99357647
pic_3084834625,0.8774112
pic_3061664763,0.9221909
pic_3090821550,0.10318491
pic_3049097146,1.6729573e-05
pic_3094928495,0.85887915
pic_3029468040,0.36344346
pic_3062823008,0.0008888045
pic_3034310266,0.10592818
pic_3086782274,0.7525826
pic_3020501018,0.9944654
pic_3043771360,0.9894476
pic_3075311532,0.012450205
pic_3078894181,0.013850043
pic_3023765057,0.91754514
pic_3088203622,0.9793896
pic_3065453887,0.11673054
pic_3037010902,0.014437312
pic_3036535710,0.95583665
pic_3058681249,0.9982456
pic_3012499761,0.97180396
pic_3012831075,0.026445732
pic_3034557334,0.13391049
pic_3017384146,0.14879431
pic_3050028503,0.58218676
pic_3072385294,0.55074936
pic_3066508397,0.0056130034
pic_3041788729,0.45068407
pic_3094570504,0.9198592
pic_3072905428,0.48138106
pic_3057922143,0.18790829
pic_3032365797,0.0012059364
pic_3012738949,0.96407384
pic_3084699349,0.9895237
pic_3095138469,0.34323657
pic_3026693280,0.9950767
pic_3074222651,0.9144752
pic_3085184599,0.2684407
pic_3025365800,0.87751967
pic_3026111399,0.007434595
pic_3088611823,0.98513895
pic_3061570607,0.015285505
pic_3049875685,0.9975126
pic_3052958752,0.5989924
pic_3089806011,0.738091
pic_3093029586,0.46060014
pic_3015258642,0.7743763
pic_3042119028,0.96145606
pic_3067268000,0.98435277
pic_3031516660,0.0035953273
pic_3030164167,0.8127201
pic_3057179109,0.25755274
pic_3025326332,0.99692625
pic_3074697875,0.5405372
pic_3070932974,0.9971252
pic_3024785423,0.5058597
pic_3063832319,0.9802525
pic_3072866343,0.9669039
pic_3013786815,0.00016403335
pic_3012894555,0.11785184
pic_3013400117,0.91363627
pic_3040671778,0.2138461
pic_3035424377,0.7731918
pic_3080055104,0.99045885
pic_3052536689,0.58505666
pic_3047737403,0.8624809
pic_3037099155,0.415964
pic_3068196489,0.96300226
pic_3034072584,0.13048083
pic_3085906486,0.9912538
pic_3041750193,0.50448704
pic_3069159218,0.0035799693
pic_3023658338,0.9669526
pic_3097259622,0.9066223
pic_3021553994,0.016593708
pic_3065065781,1.01431134e-07
pic_3080098916,0.947888
pic_3074796150,0.34175915
pic_3046424965,0.959925
pic_3044593703,0.9700751
pic_3017871171,0.99177647
pic_3054810324,0.99649745
pic_3076954573,0.48785567
pic_3066448294,0.99792504
pic_3052436374,0.11826135
pic_3077455452,0.9353124
pic_3068700268,0.8751782
pic_3044660570,0.061019164
pic_3029934473,0.70440024
pic_3063716122,0.99949515
pic_3036572905,0.0961051
pic_3013103599,0.036441967
pic_3028945795,0.8410381
pic_3041332570,0.98352516
pic_3064803020,0.32778385
pic_3087289347,0.9931416
pic_3026280165,0.33023766
pic_3025320956,0.9997117
pic_3037913293,0.49048448
pic_3064109521,0.0015314617
pic_3073324588,0.03340939
pic_3074017553,0.6078494
pic_3017965118,0.94266087
pic_3047083471,0.9908422
pic_3072080105,0.41243216
pic_3072104854,0.9816777
pic_3022616496,0.99786645
pic_3097122205,0.29178992
pic_3028591779,0.66646516
pic_3086802606,0.033454645
pic_3080768319,0.09860168
pic_3053102459,0.97361475
pic_3025458270,0.83970505
pic_3058846343,0.0045838794
pic_3090599363,0.2852944
pic_3039930988,0.9826744
pic_3036975802,0.9625036
pic_3062225725,0.52000856
pic_3079294006,0.9932987
pic_3046538557,0.9717183
pic_3060889247,0.96935475
pic_3071990410,0.040997565
pic_3031193324,0.37268937
pic_3067390528,0.10259469
pic_3094212648,0.92354226
pic_3085312249,0.9893742
pic_3088056248,0.028297573
pic_3046619373,0.21427491
pic_3097439560,0.9927229
pic_3082904660,0.48024598
pic_3038933624,0.009240772
pic_3087084819,0.013859744
pic_3011235465,0.9886923
pic_3047319751,0.9604027
pic_3069208356,0.9843801
pic_3042281565,5.7718924e-05
pic_3021771216,0.039471924
pic_3098602292,0.845104
pic_3085070843,0.47814062
pic_3096793041,0.28426278
pic_3084696180,0.9029066
pic_3088351983,0.91576403
pic_3068555874,0.9974999
pic_3042474097,0.7977344
pic_3041502452,0.42832854
pic_3085498147,0.97895724
pic_3028921495,0.9891915
pic_3041501934,0.9939138
pic_3064849107,0.99767834
pic_3066184711,0.99893564
pic_3091964599,0.0026726082
pic_3019369294,0.23379481
pic_3042888583,0.17614594
pic_3094955300,0.010265554
pic_3088926641,0.120268136
pic_3052093633,0.0017917149
pic_3057761080,0.9348136
pic_3097564018,0.24842162
pic_3058998198,0.5303552
pic_3028121586,0.9262868
pic_3091670637,0.90062255
pic_3024811889,0.704085
pic_3045238791,0.0047413595
pic_3063379592,0.89632595
pic_3064136939,0.95386636
pic_3026540694,0.08883175
pic_3096144737,0.012024548
pic_3042991352,0.9598632
pic_3040348925,0.0847343
pic_3077933826,0.5941349
pic_3035309274,0.98288536
pic_3095612613,0.9620738
pic_3043376535,0.8306541
pic_3054576247,0.3862823
pic_3024986180,0.9984701
pic_3046459090,0.98327374
pic_3083686837,0.9514261
pic_3033130210,0.9996061
pic_3068493402,0.37211785
pic_3077123923,0.0042123687
pic_3016384882,0.9366919
pic_3034505928,0.9841613
pic_3059138421,0.013639318
pic_3048222125,0.9490477
pic_3024711667,0.99219054
pic_3099907488,0.63133866
pic_3088537418,0.9293367
pic_3056356892,0.9147021
pic_3083280230,0.3159073
pic_3057678313,0.22623368
pic_3044130728,0.97365606
pic_3068386361,0.31167766
pic_3026573562,0.0067505534
pic_3015412331,0.82963043
pic_3052627578,0.014805509
pic_3012096455,0.357745
pic_3043831099,0.0006596379
pic_3097867287,0.94135326
pic_3074599725,0.99962115
pic_3061815351,0.9081735
pic_3090859230,0.41529942
pic_3011354744,0.9996871
pic_3015235573,0.0002934176
pic_3066469028,0.99470055
pic_3045855044,0.44865382
pic_3083444575,0.8450701
pic_3054792248,0.026961328
pic_3011841458,0.99065346
pic_3097938970,0.0072781276
pic_3027437463,0.02311415
pic_3022527050,0.99272776
pic_3091404498,0.61869216
pic_3096780974,0.7900175
pic_3084460105,0.70554864
pic_3093328121,0.6910465
pic_3025431234,0.97075564
pic_3044634530,0.94543695
pic_3094890468,0.49770254
pic_3093022181,0.99108255
pic_3057716081,0.029092556
pic_3079031825,0.9266124
pic_3069046568,0.9808537
pic_3033218035,0.6661432
pic_3021543666,0.9007565
pic_3094383038,0.97107905
pic_3018450794,0.00076099654
pic_3030323927,0.99868745
pic_3016616109,0.6413095
pic_3012712024,0.44507405
pic_3045816762,0.969612
pic_3048528594,0.025190486
pic_3030431739,0.016367404
pic_3052962328,0.8044075
pic_3042944564,0.67575294
pic_3043866816,0.0028149022
pic_3046438596,0.36150306
pic_3035243372,0.30007312
pic_3022147646,0.91838384
pic_3021770649,0.08464891
pic_3076133941,0.17363751
pic_3024341747,0.016534945
pic_3035327260,0.96991694
pic_3055134234,0.013077232
pic_3050768408,0.9904084
pic_3051005047,0.4628921
pic_3099350003,0.16826221
pic_3031674195,0.9891061
pic_3086418063,0.9903167
pic_3037289470,0.8584914
pic_3082182565,0.7052701
pic_3070323990,0.9731983
pic_3099415808,0.9158244
pic_3084324017,0.9444027
pic_3058131484,0.040526338
pic_3049911317,0.062099814
pic_3099675781,0.9842165
pic_3077196115,0.9451962
pic_3090389808,0.6259788
pic_3031786955,0.0004204437
pic_3025451951,0.99563193
pic_3018295054,0.00015207377
pic_3061817804,0.5218379
pic_3014415086,0.99547654
pic_3051341270,0.54056907
pic_3046288757,0.5687668
pic_3096983563,0.9756679
pic_3043833421,0.96806693
pic_3050111423,0.99439466
pic_3092064298,0.024909968
pic_3073408033,0.8739911
pic_3078713057,0.10628643
pic_3023468236,0.98271596
pic_3092332836,0.023070384
pic_3067601076,0.0041499175
pic_3056117372,0.32340595
pic_3084934563,0.73608595
pic_3079610085,0.72373354
pic_3037190820,0.998279
pic_3029123601,0.0076227537
pic_3031544857,0.98511165
pic_3060875042,0.9920535
pic_3080960181,0.7524225
pic_3041457365,0.94908893
pic_3093498388,0.9529738
pic_3023865844,0.9563268
pic_3038498554,0.012612925
pic_3037225873,0.9269923
pic_3016826154,0.004618731
pic_3043017293,0.9472153
pic_3019302121,0.6026187
pic_3083577064,0.8539314
pic_3065473951,0.9967495
pic_3014115090,0.0010900892
pic_3075318723,0.7758435
pic_3069234823,0.8738931
pic_3012595698,0.99391913
pic_3061868537,0.024961954
pic_3022158665,0.9933009
pic_3071667724,0.851854
pic_3078876680,0.90816593
pic_3057389928,0.98064274
pic_3091207209,0.0051480075
pic_3037250185,0.8546194
pic_3046547217,0.34400693
pic_3095314371,0.8778522
pic_3097106617,0.55411804
pic_3080899452,0.0056049363
pic_3062187674,0.0002569643
pic_3086627216,0.9813492
pic_3085334560,0.15923126
pic_3046654772,0.0006435433
pic_3085282412,0.010870576
pic_3052332218,0.9507237
pic_3078146858,0.7216691
pic_3056541220,0.7684223
pic_3061755224,0.92884415
pic_3049020045,0.9969025
pic_3095942681,0.9935533
pic_3093819093,0.009343939
pic_3054301021,0.9983045
pic_3032014366,0.96527004
pic_3070606664,0.5810736
pic_3061905101,0.9843105
pic_3063719820,0.47325593
pic_3040536503,0.17095056
pic_3012234173,0.76702803
pic_3022846890,0.12040334
pic_3073145758,0.16374794
pic_3092124154,0.9891128
pic_3039570811,0.86667717
pic_3048863578,0.9850472
pic_3053626747,0.76014227
pic_3081723067,0.9264693
pic_3075389090,0.96475494
pic_3075475732,0.94447887
pic_3075015905,0.09529231
pic_3064474409,0.18815124
pic_3064206364,0.9986833
pic_3054664539,0.42235437
pic_3025827922,0.98725814
pic_3024328617,0.0144133745
pic_3017426763,0.971324
pic_3082968408,0.18580963
pic_3081352325,0.9831588
pic_3044486432,0.99321294
pic_3056702956,0.96466875
pic_3044456819,0.85171807
pic_3048878401,0.9880634
pic_3064343653,0.36134303
pic_3054050986,0.94763315
pic_3097149507,0.20198709
pic_3071099316,0.99945945
pic_3020219113,0.086996615
pic_3085222136,0.89979947
pic_3089663152,0.17324945
pic_3027139344,0.04409032
pic_3086658760,0.5932472
pic_3071493894,0.9987413
pic_3050376939,0.009704329
pic_3087976494,0.84638995
pic_3068798399,0.0091421055
pic_3022329555,0.23591954
pic_3071495233,0.51990765
pic_3050357042,0.6362494
pic_3021886481,0.8577679
